#
# There is insufficient memory for the Java Runtime Environment to continue.
# Native memory allocation (mmap) failed to map 65536 bytes. Error detail: Failed to commit metaspace.
# Possible reasons:
#   The system is out of physical RAM or swap space
#   This process is running with CompressedOops enabled, and the Java Heap may be blocking the growth of the native heap
# Possible solutions:
#   Reduce memory load on the system
#   Increase physical memory or swap space
#   Check if swap backing store is full
#   Decrease Java heap size (-Xmx/-Xms)
#   Decrease number of Java threads
#   Decrease Java thread stack sizes (-Xss)
#   Set larger code cache with -XX:ReservedCodeCacheSize=
#   JVM is running with Unscaled Compressed Oops mode in which the Java heap is
#     placed in the first 4GB address space. The Java Heap base address is the
#     maximum limit for the native heap growth. Please use -XX:HeapBaseMinAddress
#     to set the Java Heap base and to place the Java Heap above 4GB virtual address.
# This output file may be truncated or incomplete.
#
#  Out of Memory Error (virtualSpaceNode.cpp:113), pid=20592, tid=5828
#
# JRE version: OpenJDK Runtime Environment (26.0.2+10) (build 26.0.2+10-55)
# Java VM: OpenJDK 64-Bit Server VM (26.0.2+10-55, mixed mode, emulated-client, sharing, tiered, compressed oops, compressed class ptrs, g1 gc, windows-amd64)
# No core dump will be written. Minidumps are not enabled by default on client versions of Windows
#

---------------  S U M M A R Y ------------

Command Line: -XX:TieredStopAtLevel=1 com.learnhub.backend.BackendApplication

Host: Intel(R) Core(TM) i3-1005G1 CPU @ 1.20GHz, 4 cores, 3G,  Windows 11 , 64 bit Build 26100 (10.0.26100.8875)
Time: Mon Jul 27 18:48:06 2026 India Standard Time elapsed time: 11.489666 seconds (0d 0h 0m 11s)

---------------  T H R E A D  ---------------

Current thread (0x00000274e6747200):  JavaThread "restartedMain"        [_thread_in_vm, id=5828, stack(0x000000a641900000,0x000000a641a00000) (1024K)]

Stack: [0x000000a641900000,0x000000a641a00000]
Native frames: (J=compiled Java code, j=interpreted, Vv=VM code, C=native code)
V  [jvm.dll+0x7d6ea9]  (no source info available)
V  [jvm.dll+0x7a4dcd]  (no source info available)
V  [jvm.dll+0x9b2390]  (no source info available)
V  [jvm.dll+0x9b47e1]  (no source info available)
V  [jvm.dll+0x9b4ef3]  (no source info available)
V  [jvm.dll+0x30f4d6]  (no source info available)
V  [jvm.dll+0x9af14e]  (no source info available)
V  [jvm.dll+0x7752c4]  (no source info available)
V  [jvm.dll+0x26a128]  (no source info available)
V  [jvm.dll+0x269eee]  (no source info available)
V  [jvm.dll+0x777cd2]  (no source info available)
V  [jvm.dll+0x7779a5]  (no source info available)
V  [jvm.dll+0x2accd2]  (no source info available)
V  [jvm.dll+0x775cee]  (no source info available)
V  [jvm.dll+0x77ce1c]  (no source info available)
V  [jvm.dll+0x29b6b2]  (no source info available)
V  [jvm.dll+0x29bbd5]  (no source info available)
V  [jvm.dll+0x29c5fd]  (no source info available)
V  [jvm.dll+0x291f20]  (no source info available)
V  [jvm.dll+0x6a09f4]  (no source info available)
V  [jvm.dll+0x91f8d4]  (no source info available)
V  [jvm.dll+0x91f9c4]  (no source info available)
V  [jvm.dll+0x53384e]  (no source info available)
V  [jvm.dll+0x5397e8]  (no source info available)
C  [java.dll+0x17d6]  (no source info available)

Java frames: (J=compiled Java code, j=interpreted, Vv=VM code)
J 564  java.lang.ClassLoader.defineClass1(Ljava/lang/ClassLoader;Ljava/lang/String;[BIILjava/security/ProtectionDomain;Ljava/lang/String;)Ljava/lang/Class; java.base@26.0.2 (0 bytes) @ 0x00000274db0130c1 [0x00000274db013000+0x00000000000000c1]
J 945 c1 java.lang.ClassLoader.defineClass(Ljava/lang/String;[BIILjava/security/ProtectionDomain;)Ljava/lang/Class; java.base@26.0.2 (43 bytes) @ 0x00000274db08171c [0x00000274db081600+0x000000000000011c]
J 747 c1 jdk.internal.loader.BuiltinClassLoader.defineClass(Ljava/lang/String;Ljdk/internal/loader/Resource;)Ljava/lang/Class; java.base@26.0.2 (121 bytes) @ 0x00000274db05091c [0x00000274db050680+0x000000000000029c]
J 746 c1 jdk.internal.loader.BuiltinClassLoader.findClassOnClassPathOrNull(Ljava/lang/String;)Ljava/lang/Class; java.base@26.0.2 (38 bytes) @ 0x00000274db050274 [0x00000274db050000+0x0000000000000274]
J 443 c1 jdk.internal.loader.BuiltinClassLoader.loadClassOrNull(Ljava/lang/String;Z)Ljava/lang/Class; java.base@26.0.2 (143 bytes) @ 0x00000274dafed91c [0x00000274dafed500+0x000000000000041c]
J 586 c1 jdk.internal.loader.BuiltinClassLoader.loadClass(Ljava/lang/String;Z)Ljava/lang/Class; java.base@26.0.2 (22 bytes) @ 0x00000274db018edc [0x00000274db018e80+0x000000000000005c]
J 585 c1 java.lang.ClassLoader.loadClass(Ljava/lang/String;)Ljava/lang/Class; java.base@26.0.2 (7 bytes) @ 0x00000274db018bd4 [0x00000274db018b80+0x0000000000000054]
v  ~StubRoutines::Stub Generator call_stub_stub 0x00000274dae518e2
j  org.hibernate.boot.internal.MetadataBuildingContextRootImpl.auditStrategy(Lorg/hibernate/boot/spi/BootstrapContext;)Lorg/hibernate/audit/AuditStrategy;+23
j  org.hibernate.boot.internal.MetadataBuildingContextRootImpl.<init>(Ljava/lang/String;Lorg/hibernate/boot/spi/BootstrapContext;Lorg/hibernate/boot/spi/MetadataBuildingOptions;Lorg/hibernate/boot/spi/InFlightMetadataCollector;Lorg/hibernate/boot/internal/RootMappingDefaults;)V+66
j  org.hibernate.boot.model.process.spi.MetadataBuildingProcess.complete(Lorg/hibernate/boot/model/process/spi/ManagedResources;Lorg/hibernate/boot/spi/BootstrapContext;Lorg/hibernate/boot/spi/MetadataBuildingOptions;)Lorg/hibernate/boot/spi/MetadataImplementor;+44
j  org.hibernate.jpa.boot.internal.EntityManagerFactoryBuilderImpl.metadata()Lorg/hibernate/boot/spi/MetadataImplementor;+30
j  org.hibernate.jpa.boot.internal.EntityManagerFactoryBuilderImpl.populateSessionFactoryBuilder()Lorg/hibernate/boot/SessionFactoryBuilder;+1
j  org.hibernate.jpa.boot.internal.EntityManagerFactoryBuilderImpl.build()Ljakarta/persistence/EntityManagerFactory;+3
j  org.springframework.orm.jpa.vendor.SpringHibernateJpaPersistenceProvider.createContainerEntityManagerFactory(Ljakarta/persistence/spi/PersistenceUnitInfo;Ljava/util/Map;)Ljakarta/persistence/EntityManagerFactory;+113
j  org.springframework.orm.jpa.LocalContainerEntityManagerFactoryBean.createNativeEntityManagerFactory()Ljakarta/persistence/EntityManagerFactory;+111
j  org.springframework.orm.jpa.AbstractEntityManagerFactoryBean.buildNativeEntityManagerFactory()Ljakarta/persistence/EntityManagerFactory;+1
j  org.springframework.orm.jpa.AbstractEntityManagerFactoryBean.afterPropertiesSet()V+234
j  org.springframework.orm.jpa.LocalContainerEntityManagerFactoryBean.afterPropertiesSet()V+238
j  org.springframework.beans.factory.support.AbstractAutowireCapableBeanFactory.invokeInitMethods(Ljava/lang/String;Ljava/lang/Object;Lorg/springframework/beans/factory/support/RootBeanDefinition;)V+56
j  org.springframework.beans.factory.support.AbstractAutowireCapableBeanFactory.initializeBean(Ljava/lang/String;Ljava/lang/Object;Lorg/springframework/beans/factory/support/RootBeanDefinition;)Ljava/lang/Object;+46
j  org.springframework.beans.factory.support.AbstractAutowireCapableBeanFactory.doCreateBean(Ljava/lang/String;Lorg/springframework/beans/factory/support/RootBeanDefinition;[Ljava/lang/Object;)Ljava/lang/Object;+228
j  org.springframework.beans.factory.support.AbstractAutowireCapableBeanFactory.createBean(Ljava/lang/String;Lorg/springframework/beans/factory/support/RootBeanDefinition;[Ljava/lang/Object;)Ljava/lang/Object;+153
j  org.springframework.beans.factory.support.AbstractBeanFactory.lambda$doGetBean$0(Ljava/lang/String;Lorg/springframework/beans/factory/support/RootBeanDefinition;[Ljava/lang/Object;)Ljava/lang/Object;+4
j  org.springframework.beans.factory.support.AbstractBeanFactory$$Lambda+0x000000008222da48.getObject()Ljava/lang/Object;+16
j  org.springframework.beans.factory.support.DefaultSingletonBeanRegistry.getSingleton(Ljava/lang/String;Lorg/springframework/beans/factory/ObjectFactory;)Ljava/lang/Object;+897
J 2950 c1 org.springframework.beans.factory.support.AbstractBeanFactory.doGetBean(Ljava/lang/String;Ljava/lang/Class;[Ljava/lang/Object;Z)Ljava/lang/Object; (791 bytes) @ 0x00000274db2c26ec [0x00000274db2c2000+0x00000000000006ec]
J 2954 c1 org.springframework.beans.factory.support.AbstractBeanFactory.getBean(Ljava/lang/String;Ljava/lang/Class;)Ljava/lang/Object; (9 bytes) @ 0x00000274db2c6954 [0x00000274db2c6900+0x0000000000000054]
j  org.springframework.context.support.AbstractApplicationContext.finishBeanFactoryInitialization(Lorg/springframework/beans/factory/config/ConfigurableListableBeanFactory;)V+226
j  org.springframework.context.support.AbstractApplicationContext.refresh()V+94
j  org.springframework.boot.web.server.servlet.context.ServletWebServerApplicationContext.refresh()V+1
j  org.springframework.boot.SpringApplication.refresh(Lorg/springframework/context/ConfigurableApplicationContext;)V+1
j  org.springframework.boot.SpringApplication.refreshContext(Lorg/springframework/context/ConfigurableApplicationContext;)V+19
j  org.springframework.boot.SpringApplication.run([Ljava/lang/String;)Lorg/springframework/context/ConfigurableApplicationContext;+113
j  org.springframework.boot.SpringApplication.run([Ljava/lang/Class;[Ljava/lang/String;)Lorg/springframework/context/ConfigurableApplicationContext;+9
j  org.springframework.boot.SpringApplication.run(Ljava/lang/Class;[Ljava/lang/String;)Lorg/springframework/context/ConfigurableApplicationContext;+9
j  com.learnhub.backend.BackendApplication.main([Ljava/lang/String;)V+3
j  java.lang.invoke.LambdaForm$DMH+0x00000000820a5000.invokeStatic(Ljava/lang/Object;Ljava/lang/Object;)V+10 java.base@26.0.2
j  java.lang.invoke.LambdaForm$MH+0x00000000820a5c00.invoke(Ljava/lang/Object;Ljava/lang/Object;Ljava/lang/Object;)Ljava/lang/Object;+33 java.base@26.0.2
j  java.lang.invoke.Invokers$Holder.invokeExact_MT(Ljava/lang/Object;Ljava/lang/Object;Ljava/lang/Object;Ljava/lang/Object;)Ljava/lang/Object;+20 java.base@26.0.2
j  jdk.internal.reflect.DirectMethodHandleAccessor.invokeImpl(Ljava/lang/Object;[Ljava/lang/Object;)Ljava/lang/Object;+55 java.base@26.0.2
j  jdk.internal.reflect.DirectMethodHandleAccessor.invoke(Ljava/lang/Object;[Ljava/lang/Object;)Ljava/lang/Object;+23 java.base@26.0.2
j  java.lang.reflect.Method.invoke(Ljava/lang/Object;[Ljava/lang/Object;)Ljava/lang/Object;+102 java.base@26.0.2
j  org.springframework.boot.devtools.restart.RestartLauncher.run()V+47
v  ~StubRoutines::Stub Generator call_stub_stub 0x00000274dae518e2
Lock stack of current Java thread (top to bottom):
LockStack[0]: java.lang.Object 
{0x00000000c6546030} - klass: 'java/lang/Object' - flags: 

 - ---- fields (total size 2 words):


Compiled method (n/a) 11566  564     n 0       java.lang.ClassLoader::defineClass1 (native)
 total in heap  [0x00000274db012f08,0x00000274db013430] = 1320
 main code      [0x00000274db013000,0x00000274db013429] = 1065
 stub code      [0x00000274db013429,0x00000274db013430] = 7
 mutable data [0x00000274e1bc5730,0x00000274e1bc5750] = 32
 relocation     [0x00000274e1bc5730,0x00000274e1bc5750] = 32

[Constant Pool (empty)]


Loading hsdis library failed, undisassembled code is shown in MachCode section
[MachCode]
[Entry Point]
  # {method} {0x00000000814ab2a8} 'defineClass1' '(Ljava/lang/ClassLoader;Ljava/lang/String;[BIILjava/security/ProtectionDomain;Ljava/lang/String;)Ljava/lang/Class;' in 'java/lang/ClassLoader'
  # parm0:    rdx:rdx   = 'java/lang/ClassLoader'
  # parm1:    r8:r8     = 'java/lang/String'
  # parm2:    r9:r9     = '[B'
  # parm3:    rdi       = int
  # parm4:    rsi       = int
  # parm5:    rcx:rcx   = 'java/security/ProtectionDomain'
  # parm6:    [sp+0xa0]   = 'java/lang/String'  (sp of caller)
  0x00000274db013000: 6690 448b | 5208 443b 

  0x00000274db013008: ;   {runtime_call Shared Runtime ic_miss_blob}
  0x00000274db013008: 5008 0f85 | d0bf e8ff 
[Verified Entry Point]
  0x00000274db013010: 8984 2400 | 80ff ff55 | 488b ec48 | 81ec 9000 | 0000 6690 | 4181 7f20 | 1300 0000 

  0x00000274db01302c: ;   {runtime_call Stub::Stub Generator method_entry_barrier_stub}
  0x00000274db01302c: 7405 e8ed | 32e7 ff48 | 837d 1000 | 488d 4510 | 480f 4445 | 1048 8944 | 2440 4889 | 4c24 7048 
  0x00000274db01304c: 83f9 0048 | 8d44 2470 | 480f 4444 | 2470 4889 | 4424 3848 | 8974 2430 | 4889 7c24 | 284c 894c 
  0x00000274db01306c: 2458 4983 | f900 488d | 4424 5848 | 0f44 4424 | 5848 8944 | 2420 4c89 | 4424 5049 | 83f8 004c 
  0x00000274db01308c: 8d4c 2450 | 4c0f 444c | 2450 4889 | 5424 4848 | 83fa 004c | 8d44 2448 | 4c0f 4444 

  0x00000274db0130a8: ;   {oop(a 'java/lang/Class'{0x00000000ffe249a8} = 'java/lang/ClassLoader')}
  0x00000274db0130a8: 2448 49be | a849 e2ff | 0000 0000 | 4c89 7424 | 784c 8d74 | 2478 498b | d6c5 f877 

  0x00000274db0130c4: ;   {internal_word}
  0x00000274db0130c4: 49ba c130 | 01db 7402 | 0000 4d89 | 9718 0400 | 0049 89a7 | 1004 0000 | 498d 8f30 | 0400 0041 
  0x00000274db0130e4: c787 ac04 | 0000 0400 

  0x00000274db0130ec: ;   {runtime_call}
  0x00000274db0130ec: 0000 48b8 | 8c16 6be0 | f97f 0000 | ffd0 c5f8 | 7741 c787 | ac04 0000 | 0500 0000 | f083 4424 
  0x00000274db01310c: c000 493b | 6f28 0f87 | 0e00 0000 | 4183 bfa8 | 0400 0000 | 0f84 2b00 | 0000 c5f8 | 7748 8945 
  0x00000274db01312c: f849 8bcf | 4c8b e448 | 83ec 2048 

  0x00000274db013138: ;   {runtime_call}
  0x00000274db013138: 83e4 f048 | b8c0 20dd | 51f9 7f00 | 00ff d049 | 8be4 4d33 | e448 8b45 | f841 c787 | ac04 0000 
  0x00000274db013158: 0800 0000 | 4183 bf30 | 0500 0002 | 0f84 9202 | 0000 49c7 | 8710 0400 | 0000 0000 | 0049 c787 
  0x00000274db013178: 1804 0000 | 0000 0000 | c5f8 7748 | 85c0 0f84 | 3002 0000 | a803 0f85 | 0800 0000 | 488b 00e9 
  0x00000274db013198: 2002 0000 | a801 0f85 | 0900 0000 | 488b 40fe | e90f 0200 | 0048 8b40 | ff41 807f | 4800 0f84 
  0x00000274db0131b8: 0002 0000 | 4885 c00f | 84f7 0100 | 0049 8b4f | 3848 85c9 | 7414 4883 | e908 4989 | 4f38 4903 
  0x00000274db0131d8: 4f40 4889 | 01e9 da01 | 0000 4881 | ecf0 0000 | 0048 8904 | 2448 894c | 2408 4889 | 5424 104c 
  0x00000274db0131f8: 8944 2418 | 4c89 4c24 | 204c 8954 | 2428 4c89 | 5c24 30c5 | fb11 4424 | 40c5 fb11 | 4c24 48c5 
  0x00000274db013218: fb11 5424 | 50c5 fb11 | 5c24 58c5 | fb11 6424 | 60c5 fb11 | 6c24 6862 | e1ff 0811 | 4424 0e62 
  0x00000274db013238: ;   {other}
  0x00000274db013238: e1ff 0811 | 4c24 0f62 | e1ff 0811 | 5424 1062 | e1ff 0811 | 5c24 1162 | e1ff 0811 | 6424 1262 
  0x00000274db013258: e1ff 0811 | 6c24 1362 | e1ff 0811 | 7424 1462 | e1ff 0811 | 7c24 1562 | 61ff 0811 | 4424 1662 
  0x00000274db013278: 61ff 0811 | 4c24 1762 | 61ff 0811 | 5424 1862 | 61ff 0811 | 5c24 1962 | 61ff 0811 | 6424 1a62 
  0x00000274db013298: 61ff 0811 | 6c24 1b62 | 61ff 0811 | 7424 1c62 | 61ff 0811 | 7c24 1d49 | 8bd7 488b | c848 83ec 
  0x00000274db0132b8: 2040 f6c4 | 0f0f 8419 | 0000 0048 

  0x00000274db0132c4: ;   {runtime_call}
  0x00000274db0132c4: 83ec 0848 | b8c0 c7cf | 51f9 7f00 | 00ff d048 | 83c4 08e9 | 0c00 0000 

  0x00000274db0132dc: ;   {runtime_call}
  0x00000274db0132dc: 48b8 c0c7 | cf51 f97f | 0000 ffd0 | 4883 c420 | 6261 ff08 | 107c 241d | 6261 ff08 | 1074 241c 
  0x00000274db0132fc: 6261 ff08 | 106c 241b | 6261 ff08 | 1064 241a | 6261 ff08 | 105c 2419 | 6261 ff08 | 1054 2418 
  0x00000274db01331c: 6261 ff08 | 104c 2417 | 6261 ff08 | 1044 2416 | 62e1 ff08 | 107c 2415 | 62e1 ff08 | 1074 2414 
  0x00000274db01333c: 62e1 ff08 | 106c 2413 | 62e1 ff08 | 1064 2412 | 62e1 ff08 | 105c 2411 | 62e1 ff08 | 1054 2410 
  0x00000274db01335c: 62e1 ff08 | 104c 240f | 62e1 ff08 | 1044 240e | c5fb 106c | 2468 c5fb | 1064 2460 | c5fb 105c 
  0x00000274db01337c: 2458 c5fb | 1054 2450 | c5fb 104c | 2448 c5fb | 1044 2440 | 4c8b 5c24 | 304c 8b54 | 2428 4c8b 
  0x00000274db01339c: 4c24 204c | 8b44 2418 | 488b 5424 | 1048 8b4c | 2408 488b | 0424 4881 | c4f0 0000 | 00c5 f877 
  0x00000274db0133bc: 498b 8f90 | 0400 00c7 | 8100 0100 | 0000 0000 

  0x00000274db0133cc: ;   {poll_return}
  0x00000274db0133cc: 00c9 41f6 | 4728 0174 

  0x00000274db0133d4: ;   {internal_word}
  0x00000274db0133d4: 1649 bace | 3301 db74 | 0200 004d | 8997 b804 

  0x00000274db0133e4: ;   {runtime_call SafepointBlob}
  0x00000274db0133e4: 0000 e975 | f1e8 ff49 | 837f 0800 | 0f85 0100 

  0x00000274db0133f4: ;   {runtime_call Stub::Stub Generator forward_exception_stub}
  0x00000274db0133f4: 0000 c3e9 | e4e3 e3ff | c5f8 7748 | 8945 f84c | 8be4 4883 | ec20 4883 

  0x00000274db01340c: ;   {runtime_call}
  0x00000274db01340c: e4f0 48b8 | 904e 1852 | f97f 0000 | ffd0 498b | e44d 33e4 | 488b 45f8 | e941 fdff | fff4 f4f4 
  0x00000274db01342c: f4f4 f4f4 
[/MachCode]


Compiled method (c1) 11605  945       1       java.lang.ClassLoader::defineClass (43 bytes)
 total in heap  [0x00000274db081508,0x00000274db081828] = 800
 main code      [0x00000274db081600,0x00000274db0817c0] = 448
 stub code      [0x00000274db0817c0,0x00000274db081828] = 104
 mutable data [0x00000274e66b8600,0x00000274e66b86a8] = 168
 relocation     [0x00000274e66b8600,0x00000274e66b8668] = 104
 metadata       [0x00000274e66b8668,0x00000274e66b86a8] = 64
 immutable data [0x00000274e66f5c20,0x00000274e66f5dbc] = 412
 dependencies   [0x00000274e66f5c20,0x00000274e66f5c38] = 24
 nul chk table  [0x00000274e66f5c38,0x00000274e66f5c60] = 40
 scopes pcs     [0x00000274e66f5c60,0x00000274e66f5d00] = 160
 scopes data    [0x00000274e66f5d00,0x00000274e66f5db8] = 184

[Constant Pool (empty)]


Loading hsdis library failed, undisassembled code is shown in MachCode section
[MachCode]
[Instructions begin]
  0x00000274db081600: 6666 660f | 1f84 0000 | 0000 0066 | 6666 9066 | 6690 448b | 5208 443b 

  0x00000274db081618: ;   {runtime_call Shared Runtime ic_miss_blob}
  0x00000274db081618: 5008 0f85 | c0d9 e1ff 
[Verified Entry Point]
  0x00000274db081620: 8984 2400 | 80ff ff55 | 4881 ecb0 | 0000 0090 | 4181 7f20 | 1300 0000 

  0x00000274db081638: ;   {runtime_call Stub::Stub Generator method_entry_barrier_stub}
  0x00000274db081638: 7405 e8e1 | 4ce0 ff48 | 8954 2478 | 89b4 2494 | 0000 0089 | bc24 9000 | 0000 4c89 | 8c24 8800 
  0x00000274db081658: 0000 498b | d84c 8bc3 | 4c8b c948 | 8bca 488b | d148 899c | 2480 0000 | 0066 0f1f 

  0x00000274db081674: ;   {optimized virtual_call}
  0x00000274db081674: 4400 00e8 

  0x00000274db081678: ; ImmutableOopMap {[120]=Oop [128]=Oop [136]=Oop }
                      ;*invokevirtual preDefineClass {reexecute=0 rethrow=0 return_oop=0}
                      ; - java.lang.ClassLoader::defineClass@4 (line 972)
  0x00000274db081678: 2403 0000 

  0x00000274db08167c: ;   {post_call_nop}
  0x00000274db08167c: 0f1f 8400 | 7401 0000 | 4889 8424 | 9800 0000 

  0x00000274db08168c: ; implicit exception: dispatches to 0x00000274db081767
  0x00000274db08168c: 448b 4010 | 4d85 c00f | 850f 0000 

  0x00000274db081698: ;   {oop(nullptr)}
  0x00000274db081698: 0048 bb00 | 0000 0000 | 0000 00e9 | 3f00 0000 

  0x00000274db0816a8: ; implicit exception: dispatches to 0x00000274db08176c
  0x00000274db0816a8: 458b 400c | 4d85 c00f | 850f 0000 

  0x00000274db0816b4: ;   {oop(nullptr)}
  0x00000274db0816b4: 0048 bb00 | 0000 0000 | 0000 00e9 | 2300 0000 

  0x00000274db0816c4: ; implicit exception: dispatches to 0x00000274db081771
  0x00000274db0816c4: 418b 5038 

  0x00000274db0816c8: ; implicit exception: dispatches to 0x00000274db081776
  0x00000274db0816c8: 483b 020f 

  0x00000274db0816cc: ;   {optimized virtual_call}
  0x00000274db0816cc: 1f40 00e8 

  0x00000274db0816d0: ; ImmutableOopMap {[120]=Oop [128]=Oop [136]=Oop [152]=Oop }
                      ;*invokevirtual toExternalForm {reexecute=0 rethrow=0 return_oop=0}
                      ; - java.net.URL::toExternalForm@5 (line 1154)
                      ; - java.net.URL::toString@1 (line 1140)
                      ; - java.lang.ClassLoader::defineClassSourceLocation@22 (line 876)
                      ; - java.lang.ClassLoader::defineClass@12 (line 973)
  0x00000274db0816d0: 4c65 faff 

  0x00000274db0816d4: ;   {post_call_nop}
  0x00000274db0816d4: 0f1f 8400 | cc01 0001 | 488b d848 | 8b84 2498 | 0000 008b | b424 9400 | 0000 8bbc | 2490 0000 
  0x00000274db0816f4: 004c 8b8c | 2488 0000 | 004c 8b84 | 2480 0000 | 0048 8b54 | 2478 4c8b | da49 8bd3 | 488b c848 
  0x00000274db081714: ;   {static_call}
  0x00000274db081714: 891c 24e8 

  0x00000274db081718: ; ImmutableOopMap {[120]=Oop [152]=Oop }
                      ;*invokestatic defineClass1 {reexecute=0 rethrow=0 return_oop=0}
                      ; - java.lang.ClassLoader::defineClass@27 (line 974)
  0x00000274db081718: f418 f9ff 

  0x00000274db08171c: ;   {post_call_nop}
  0x00000274db08171c: 0f1f 8400 | 1402 0002 | 4c8b c04c | 8b8c 2498 | 0000 0048 | 8b54 2478 | 4889 8424 | a000 0000 
  0x00000274db08173c: ;   {optimized virtual_call}
  0x00000274db08173c: 6666 90e8 

  0x00000274db081740: ; ImmutableOopMap {[160]=Oop }
                      ;*invokevirtual postDefineClass {reexecute=0 rethrow=0 return_oop=0}
                      ; - java.lang.ClassLoader::defineClass@37 (line 975)
  0x00000274db081740: 5c1c 0000 

  0x00000274db081744: ;   {post_call_nop}
  0x00000274db081744: 0f1f 8400 | 3c02 0003 | 488b 8424 | a000 0000 | 4881 c4b0 | 0000 005d 

  0x00000274db08175c: ;   {poll_return}
  0x00000274db08175c: 493b 6728 | 0f87 1500 

  0x00000274db081764: ;   {runtime_call C1 Runtime throw_null_pointer_exception_blob}
  0x00000274db081764: 0000 c3e8 

  0x00000274db081768: ; ImmutableOopMap {rax=Oop [120]=Oop [128]=Oop [136]=Oop [152]=Oop }
                      ;*invokevirtual getCodeSource {reexecute=0 rethrow=0 return_oop=0}
                      ; - java.lang.ClassLoader::defineClassSourceLocation@1 (line 873)
                      ; - java.lang.ClassLoader::defineClass@12 (line 973)
  0x00000274db081768: f46b edff 

  0x00000274db08176c: ;   {runtime_call C1 Runtime throw_null_pointer_exception_blob}
  0x00000274db08176c: e8ef 6bed 

  0x00000274db081770: ; ImmutableOopMap {rax=Oop [120]=Oop [128]=Oop [136]=Oop [152]=Oop }
                      ;*invokevirtual getLocation {reexecute=0 rethrow=0 return_oop=0}
                      ; - java.lang.ClassLoader::defineClassSourceLocation@12 (line 875)
                      ; - java.lang.ClassLoader::defineClass@12 (line 973)
                      ;   {runtime_call C1 Runtime throw_null_pointer_exception_blob}
  0x00000274db081770: ffe8 ea6b 

  0x00000274db081774: ; ImmutableOopMap {r8=Oop [120]=Oop [128]=Oop [136]=Oop [152]=Oop }
                      ;*invokevirtual toString {reexecute=0 rethrow=0 return_oop=0}
                      ; - java.lang.ClassLoader::defineClassSourceLocation@22 (line 876)
                      ; - java.lang.ClassLoader::defineClass@12 (line 973)
                      ;   {runtime_call C1 Runtime throw_null_pointer_exception_blob}
  0x00000274db081774: edff e8e5 

  0x00000274db081778: ; ImmutableOopMap {r8=Oop rdx=Oop [120]=Oop [128]=Oop [136]=Oop [152]=Oop }
                      ;*invokevirtual toExternalForm {reexecute=0 rethrow=0 return_oop=0}
                      ; - java.net.URL::toExternalForm@5 (line 1154)
                      ; - java.net.URL::toString@1 (line 1140)
                      ; - java.lang.ClassLoader::defineClassSourceLocation@22 (line 876)
                      ; - java.lang.ClassLoader::defineClass@12 (line 973)
                      ;   {internal_word}
  0x00000274db081778: 6bed ff49 | ba5c 1708 | db74 0200 | 004d 8997 | b804 0000 

  0x00000274db08178c: ;   {runtime_call SafepointBlob}
  0x00000274db08178c: e9cf 0de2 | ff49 8b87 | 6805 0000 | 49c7 8768 | 0500 0000 | 0000 0049 | c787 7005 | 0000 0000 
  0x00000274db0817ac: 0000 4881 | c4b0 0000 

  0x00000274db0817b4: ;   {runtime_call C1 Runtime unwind_exception_blob}
  0x00000274db0817b4: 005d e9a5 | 5ced fff4 | f4f4 f4f4 
[Stub Code]
  0x00000274db0817c0: ;   {other}
  0x00000274db0817c0: 0f1f 4400 

  0x00000274db0817c4: ;   {static_stub}
  0x00000274db0817c4: 0048 bb00 | 0000 0000 

  0x00000274db0817cc: ;   {runtime_call nmethod}
  0x00000274db0817cc: 0000 00e9 | fbff ffff 

  0x00000274db0817d4: ;   {static_stub}
  0x00000274db0817d4: 48bb 60b3 | 4a81 0000 

  0x00000274db0817dc: ;   {runtime_call I2C/C2I adapters}
  0x00000274db0817dc: 0000 e957 

  0x00000274db0817e0: ;   {static_stub}
  0x00000274db0817e0: bae1 ff48 | bb00 0000 | 0000 0000 

  0x00000274db0817ec: ;   {runtime_call nmethod}
  0x00000274db0817ec: 00e9 fbff 

  0x00000274db0817f0: ;   {static_stub}
  0x00000274db0817f0: ffff 48bb | 48b2 4a81 | 0000 0000 

  0x00000274db0817fc: ;   {runtime_call I2C/C2I adapters}
  0x00000274db0817fc: e939 bae1 

  0x00000274db081800: ;   {runtime_call C1 Runtime handle_exception_from_callee_blob}
  0x00000274db081800: ffe8 5a96 

  0x00000274db081804: ;   {external_word}
  0x00000274db081804: edff 48b9 | 1893 4352 | f97f 0000 | 4883 e4f0 

  0x00000274db081814: ;   {runtime_call}
  0x00000274db081814: 48b8 20fb | 0452 f97f | 0000 ffd0 

  0x00000274db081820: ;   {runtime_call DeoptimizationBlob}
  0x00000274db081820: f4e8 baf4 | e1ff ebf9 
[/MachCode]


Compiled method (c1) 11620  747       1       jdk.internal.loader.BuiltinClassLoader::defineClass (121 bytes)
 total in heap  [0x00000274db050588,0x00000274db050a70] = 1256
 main code      [0x00000274db050680,0x00000274db050998] = 792
 stub code      [0x00000274db050998,0x00000274db050a70] = 216
 mutable data [0x00000274e65bf480,0x00000274e65bf598] = 280
 relocation     [0x00000274e65bf480,0x00000274e65bf550] = 208
 metadata       [0x00000274e65bf550,0x00000274e65bf598] = 72
 immutable data [0x00000274e65ee080,0x00000274e65ee33c] = 700
 dependencies   [0x00000274e65ee080,0x00000274e65ee098] = 24
 nul chk table  [0x00000274e65ee098,0x00000274e65ee0b8] = 32
 scopes pcs     [0x00000274e65ee0b8,0x00000274e65ee1c8] = 272
 scopes data    [0x00000274e65ee1c8,0x00000274e65ee338] = 368

[Constant Pool (empty)]


Loading hsdis library failed, undisassembled code is shown in MachCode section
[MachCode]
[Instructions begin]
  0x00000274db050680: 6666 660f | 1f84 0000 | 0000 0066 | 6666 9066 | 6690 448b | 5208 443b 

  0x00000274db050698: ;   {runtime_call Shared Runtime ic_miss_blob}
  0x00000274db050698: 5008 0f85 | 40e9 e4ff 
[Verified Entry Point]
  0x00000274db0506a0: 8984 2400 | 80ff ff55 | 4881 ece0 | 0000 0090 | 4181 7f20 | 1300 0000 

  0x00000274db0506b8: ;   {runtime_call Stub::Stub Generator method_entry_barrier_stub}
  0x00000274db0506b8: 7405 e861 | 5ce3 ff48 | 8994 24a0 | 0000 004c | 8984 2490 | 0000 004c | 898c 2498 | 0000 0049 
  0x00000274db0506d8: 8bd1 6666 | 9048 b880 | d4ba e174 

  0x00000274db0506e4: ;   {virtual_call}
  0x00000274db0506e4: 0200 00e8 

  0x00000274db0506e8: ; ImmutableOopMap {[144]=Oop [152]=Oop [160]=Oop }
                      ;*invokevirtual getCodeSourceURL {reexecute=0 rethrow=0 return_oop=0}
                      ; - jdk.internal.loader.BuiltinClassLoader::defineClass@1 (line 756)
  0x00000274db0506e8: 2619 0000 

  0x00000274db0506ec: ;   {post_call_nop}
  0x00000274db0506ec: 0f1f 8400 | 6401 0000 | 4889 8424 | a800 0000 | 4c8b 8424 | 9000 0000 

  0x00000274db050704: ; implicit exception: dispatches to 0x00000274db050937
  0x00000274db050704: 418b 7014 

  0x00000274db050708: ; implicit exception: dispatches to 0x00000274db05093c
  0x00000274db050708: 8b56 0c45 | 0fbe 4810 | 498b c9c1 | e118 c1f9 | 18d3 fa48 | 8bfa ffcf | 4585 c9ba | 0000 0000 
  0x00000274db050728: 7505 ba01 | 0000 0083 | e201 85d2 | 488b d641 | b82e 0000 | 004c 8bcf | 0f84 1300 

  0x00000274db050744: ;   {static_call}
  0x00000274db050744: 0000 90e8 

  0x00000274db050748: ; ImmutableOopMap {[144]=Oop [152]=Oop [160]=Oop [168]=Oop }
                      ;*invokestatic lastIndexOf {reexecute=0 rethrow=0 return_oop=0}
                      ; - java.lang.String::lastIndexOf@13 (line 2925)
                      ; - java.lang.String::lastIndexOf@8 (line 2887)
                      ; - jdk.internal.loader.BuiltinClassLoader::defineClass@8 (line 759)
  0x00000274db050748: 3408 f4ff 

  0x00000274db05074c: ;   {post_call_nop}
  0x00000274db05074c: 0f1f 8400 | c401 0001 | e913 0000 | 0066 0f1f 

  0x00000274db05075c: ;   {static_call}
  0x00000274db05075c: 4400 00e8 

  0x00000274db050760: ; ImmutableOopMap {[144]=Oop [152]=Oop [160]=Oop [168]=Oop }
                      ;*invokestatic lastIndexOf {reexecute=0 rethrow=0 return_oop=0}
                      ; - java.lang.String::lastIndexOf@25 (line 2926)
                      ; - java.lang.String::lastIndexOf@8 (line 2887)
                      ; - jdk.internal.loader.BuiltinClassLoader::defineClass@8 (line 759)
  0x00000274db050760: 7cf7 e4ff 

  0x00000274db050764: ;   {post_call_nop}
  0x00000274db050764: 0f1f 8400 | dc01 0002 | 83f8 ff0f | 847f 0000 | 0041 b800 | 0000 004c | 8bc8 488b | 9424 9000 
  0x00000274db050784: ;   {optimized virtual_call}
  0x00000274db050784: 0000 90e8 

  0x00000274db050788: ; ImmutableOopMap {[144]=Oop [152]=Oop [160]=Oop [168]=Oop }
                      ;*invokevirtual substring {reexecute=0 rethrow=0 return_oop=0}
                      ; - jdk.internal.loader.BuiltinClassLoader::defineClass@23 (line 761)
  0x00000274db050788: 943a f5ff 

  0x00000274db05078c: ;   {post_call_nop}
  0x00000274db05078c: 0f1f 8400 | 0402 0003 | 488b 9424 | 9800 0000 | 4889 8424 | b000 0000 | 9048 b8a8 | d4ba e174 
  0x00000274db0507ac: ;   {virtual_call}
  0x00000274db0507ac: 0200 00e8 

  0x00000274db0507b0: ; ImmutableOopMap {[144]=Oop [152]=Oop [160]=Oop [168]=Oop [176]=Oop }
                      ;*invokevirtual getManifest {reexecute=0 rethrow=0 return_oop=0}
                      ; - jdk.internal.loader.BuiltinClassLoader::defineClass@29 (line 762)
  0x00000274db0507b0: 5e32 0300 

  0x00000274db0507b4: ;   {post_call_nop}
  0x00000274db0507b4: 0f1f 8400 | 2c02 0004 | 4c8b 8424 | b000 0000 | 4c8b c848 | 8bbc 24a8 | 0000 0048 | 8b94 24a0 
  0x00000274db0507d4: 0000 0066 | 0f1f 4400 | 0048 b8d0 | d4ba e174 

  0x00000274db0507e4: ;   {virtual_call}
  0x00000274db0507e4: 0200 00e8 

  0x00000274db0507e8: ; ImmutableOopMap {[144]=Oop [152]=Oop [160]=Oop [168]=Oop }
                      ;*invokevirtual defineOrCheckPackage {reexecute=0 rethrow=0 return_oop=0}
                      ; - jdk.internal.loader.BuiltinClassLoader::defineClass@40 (line 763)
  0x00000274db0507e8: 260f 0000 

  0x00000274db0507ec: ;   {post_call_nop}
  0x00000274db0507ec: 0f1f 8400 | 6402 0005 | 4c8b 8c24 | 9800 0000 | 498b d166 | 0f1f 4400 | 0048 b8f8 | d4ba e174 
  0x00000274db05080c: ;   {virtual_call}
  0x00000274db05080c: 0200 00e8 

  0x00000274db050810: ; ImmutableOopMap {[144]=Oop [152]=Oop [160]=Oop [168]=Oop }
                      ;*invokevirtual getBytes {reexecute=0 rethrow=0 return_oop=0}
                      ; - jdk.internal.loader.BuiltinClassLoader::defineClass@84 (line 773)
  0x00000274db050810: 7e6c 0600 

  0x00000274db050814: ;   {post_call_nop}
  0x00000274db050814: 0f1f 8400 | 8c02 0006 | 4889 8424 | b800 0000 | 488b 9424 | 9800 0000 | 9048 b820 | d5ba e174 
  0x00000274db050834: ;   {virtual_call}
  0x00000274db050834: 0200 00e8 

  0x00000274db050838: ; ImmutableOopMap {[144]=Oop [160]=Oop [168]=Oop [184]=Oop }
                      ;*invokevirtual getCodeSigners {reexecute=0 rethrow=0 return_oop=0}
                      ; - jdk.internal.loader.BuiltinClassLoader::defineClass@90 (line 774)
  0x00000274db050838: 5623 0300 

  0x00000274db05083c: ;   {post_call_nop}
  0x00000274db05083c: 0f1f 8400 | b402 0007 

  0x00000274db050844: ;   {metadata('java/security/CodeSource')}
  0x00000274db050844: 4c8b c848 | ba00 d61c | 8100 0000 | 0049 8b87 | b001 0000 | 488d 7828 | 493b bfc0 | 0100 000f 
  0x00000274db050864: 87d8 0000 | 0049 89bf | b001 0000 | 48c7 0001 | 0000 0048 | 8bca 41ba | 0000 0081 | 492b ca89 
  0x00000274db050884: 4808 4833 | c989 480c | 4833 c948 | 8948 1048 | 8948 1848 | 8948 204c | 8b84 24a8 | 0000 0048 
  0x00000274db0508a4: 8bd0 4889 | 8424 c000 

  0x00000274db0508ac: ;   {optimized virtual_call}
  0x00000274db0508ac: 0000 90e8 

  0x00000274db0508b0: ; ImmutableOopMap {[144]=Oop [160]=Oop [184]=Oop [192]=Oop }
                      ;*invokespecial <init> {reexecute=0 rethrow=0 return_oop=0}
                      ; - jdk.internal.loader.BuiltinClassLoader::defineClass@102 (line 775)
  0x00000274db0508b0: ecfb 0200 

  0x00000274db0508b4: ;   {post_call_nop}
  0x00000274db0508b4: 0f1f 8400 | 2c03 0008 | 488b 8424 | b800 0000 

  0x00000274db0508c4: ; implicit exception: dispatches to 0x00000274db05094e
  0x00000274db0508c4: 8b70 0c4c | 8b84 24c0 | 0000 0048 | 8b94 24a0 | 0000 0089 | b424 c800 

  0x00000274db0508dc: ;   {optimized virtual_call}
  0x00000274db0508dc: 0000 90e8 

  0x00000274db0508e0: ; ImmutableOopMap {[144]=Oop [160]=Oop [184]=Oop }
                      ;*invokevirtual getProtectionDomain {reexecute=0 rethrow=0 return_oop=0}
                      ; - java.security.SecureClassLoader::defineClass@9 (line 145)
                      ; - jdk.internal.loader.BuiltinClassLoader::defineClass@117 (line 776)
  0x00000274db0508e0: 3c00 0300 

  0x00000274db0508e4: ;   {post_call_nop}
  0x00000274db0508e4: 0f1f 8400 | 5c03 0009 | 4c8b 8424 | 9000 0000 | 4c8b 8c24 | b800 0000 | bf00 0000 | 008b b424 
  0x00000274db050904: c800 0000 | 488b c848 | 8b94 24a0 | 0000 000f 

  0x00000274db050914: ;   {optimized virtual_call}
  0x00000274db050914: 1f40 00e8 

  0x00000274db050918: ; ImmutableOopMap {}
                      ;*invokevirtual defineClass {reexecute=0 rethrow=0 return_oop=0}
                      ; - java.security.SecureClassLoader::defineClass@12 (line 145)
                      ; - jdk.internal.loader.BuiltinClassLoader::defineClass@117 (line 776)
  0x00000274db050918: 040d 0300 

  0x00000274db05091c: ;   {post_call_nop}
  0x00000274db05091c: 0f1f 8400 | 9403 000a | 4881 c4e0 | 0000 005d 

  0x00000274db05092c: ;   {poll_return}
  0x00000274db05092c: 493b 6728 | 0f87 1d00 

  0x00000274db050934: ;   {runtime_call C1 Runtime throw_null_pointer_exception_blob}
  0x00000274db050934: 0000 c3e8 

  0x00000274db050938: ; ImmutableOopMap {rax=Oop r8=Oop [144]=Oop [152]=Oop [160]=Oop [168]=Oop }
                      ;*invokevirtual lastIndexOf {reexecute=0 rethrow=0 return_oop=0}
                      ; - jdk.internal.loader.BuiltinClassLoader::defineClass@8 (line 759)
  0x00000274db050938: 247a f0ff 

  0x00000274db05093c: ;   {runtime_call C1 Runtime throw_null_pointer_exception_blob}
  0x00000274db05093c: e81f 7af0 

  0x00000274db050940: ; ImmutableOopMap {rax=Oop r8=Oop rsi=Oop [144]=Oop [152]=Oop [160]=Oop [168]=Oop }
                      ;*arraylength {reexecute=0 rethrow=0 return_oop=0}
                      ; - java.lang.String::length@4 (line 1744)
                      ; - java.lang.String::lastIndexOf@3 (line 2887)
                      ; - jdk.internal.loader.BuiltinClassLoader::defineClass@8 (line 759)
  0x00000274db050940: ff48 8bd2 

  0x00000274db050944: ;   {runtime_call C1 Runtime fast_new_instance_blob}
  0x00000274db050944: e817 84f0 

  0x00000274db050948: ; ImmutableOopMap {r9=Oop [144]=Oop [160]=Oop [168]=Oop [184]=Oop }
                      ;*new {reexecute=0 rethrow=0 return_oop=0}
                      ; - jdk.internal.loader.BuiltinClassLoader::defineClass@95 (line 775)
  0x00000274db050948: ffe9 4dff 

  0x00000274db05094c: ;   {runtime_call C1 Runtime throw_null_pointer_exception_blob}
  0x00000274db05094c: ffff e80d 

  0x00000274db050950: ; ImmutableOopMap {rax=Oop [144]=Oop [160]=Oop [184]=Oop [192]=Oop }
                      ;*arraylength {reexecute=0 rethrow=0 return_oop=0}
                      ; - jdk.internal.loader.BuiltinClassLoader::defineClass@114 (line 776)
                      ;   {internal_word}
  0x00000274db050950: 7af0 ff49 | ba2c 0905 | db74 0200 | 004d 8997 | b804 0000 

  0x00000274db050964: ;   {runtime_call SafepointBlob}
  0x00000274db050964: e9f7 1be5 | ff49 8b87 | 6805 0000 | 49c7 8768 | 0500 0000 | 0000 0049 | c787 7005 | 0000 0000 
  0x00000274db050984: 0000 4881 | c4e0 0000 

  0x00000274db05098c: ;   {runtime_call C1 Runtime unwind_exception_blob}
  0x00000274db05098c: 005d e9cd | 6af0 fff4 | f4f4 f4f4 
[Stub Code]
  0x00000274db050998: ;   {other}
  0x00000274db050998: 0f1f 4400 

  0x00000274db05099c: ;   {static_stub}
  0x00000274db05099c: 0048 bb00 | 0000 0000 

  0x00000274db0509a4: ;   {runtime_call nmethod}
  0x00000274db0509a4: 0000 00e9 | fbff ffff 

  0x00000274db0509ac: ;   {static_stub}
  0x00000274db0509ac: 9048 bb00 | 0000 0000 

  0x00000274db0509b4: ;   {runtime_call nmethod}
  0x00000274db0509b4: 0000 00e9 | fbff ffff 

  0x00000274db0509bc: ;   {static_stub}
  0x00000274db0509bc: 9048 bb00 | 0000 0000 

  0x00000274db0509c4: ;   {runtime_call nmethod}
  0x00000274db0509c4: 0000 00e9 | fbff ffff 

  0x00000274db0509cc: ;   {static_stub}
  0x00000274db0509cc: 9048 bb00 | 0000 0000 

  0x00000274db0509d4: ;   {runtime_call nmethod}
  0x00000274db0509d4: 0000 00e9 | fbff ffff 

  0x00000274db0509dc: ;   {static_stub}
  0x00000274db0509dc: 9048 bb00 | 0000 0000 

  0x00000274db0509e4: ;   {runtime_call nmethod}
  0x00000274db0509e4: 0000 00e9 | fbff ffff 

  0x00000274db0509ec: ;   {static_stub}
  0x00000274db0509ec: 48bb 0000 | 0000 0000 

  0x00000274db0509f4: ;   {runtime_call nmethod}
  0x00000274db0509f4: 0000 e9fb 

  0x00000274db0509f8: ;   {static_stub}
  0x00000274db0509f8: ffff ff48 | bb00 0000 | 0000 0000 

  0x00000274db050a04: ;   {runtime_call nmethod}
  0x00000274db050a04: 00e9 fbff 

  0x00000274db050a08: ;   {static_stub}
  0x00000274db050a08: ffff 48bb | c8db 1c81 | 0000 0000 

  0x00000274db050a14: ;   {runtime_call I2C/C2I adapters}
  0x00000274db050a14: e921 c8e4 

  0x00000274db050a18: ;   {static_stub}
  0x00000274db050a18: ff48 bbf0 | e91c 8100 

  0x00000274db050a20: ;   {runtime_call I2C/C2I adapters}
  0x00000274db050a20: 0000 00e9 | 8e74 e5ff 

  0x00000274db050a28: ;   {static_stub}
  0x00000274db050a28: 48bb 78b6 | 4a81 0000 

  0x00000274db050a30: ;   {runtime_call I2C/C2I adapters}
  0x00000274db050a30: 0000 e98d 

  0x00000274db050a34: ;   {static_stub}
  0x00000274db050a34: 27e4 ff48 | bb00 0000 | 0000 0000 

  0x00000274db050a40: ;   {runtime_call nmethod}
  0x00000274db050a40: 00e9 fbff 

  0x00000274db050a44: ;   {runtime_call C1 Runtime handle_exception_from_callee_blob}
  0x00000274db050a44: ffff e815 

  0x00000274db050a48: ;   {external_word}
  0x00000274db050a48: a4f0 ff48 | b918 9343 | 52f9 7f00 | 0048 83e4 

  0x00000274db050a58: ;   {runtime_call}
  0x00000274db050a58: f048 b820 | fb04 52f9 | 7f00 00ff 

  0x00000274db050a64: ;   {runtime_call DeoptimizationBlob}
  0x00000274db050a64: d0f4 e875 | 02e5 ffeb | f9f4 f4f4 
[/MachCode]


---------------  P R O C E S S  ---------------

Threads class SMR info:
_java_thread_list=0x00000274e7499150, length=15, elements={
0x00000274d219fe60, 0x00000274d2255640, 0x00000274d225a050, 0x00000274d225cb10,
0x00000274d225da70, 0x00000274d225e750, 0x00000274e15cc6e0, 0x00000274e15d0ec0,
0x00000274e1642f10, 0x00000274e164db30, 0x00000274e6746a50, 0x00000274e6747200,
0x00000274e6fa51b0, 0x00000274e15bbd00, 0x00000274e60ec670
}

Java Threads: ( => current thread )
  0x00000274d219fe60 JavaThread "main"                              [_thread_blocked, id=10936, stack(0x000000a640400000,0x000000a640500000) (1024K)]
  0x00000274d2255640 JavaThread "Reference Handler"          daemon [_thread_blocked, id=19008, stack(0x000000a640d00000,0x000000a640e00000) (1024K)]
  0x00000274d225a050 JavaThread "Finalizer"                  daemon [_thread_blocked, id=11164, stack(0x000000a640e00000,0x000000a640f00000) (1024K)]
  0x00000274d225cb10 JavaThread "Signal Dispatcher"          daemon [_thread_blocked, id=14696, stack(0x000000a640f00000,0x000000a641000000) (1024K)]
  0x00000274d225da70 JavaThread "Attach Listener"            daemon [_thread_blocked, id=5072, stack(0x000000a641000000,0x000000a641100000) (1024K)]
  0x00000274d225e750 JavaThread "Service Thread"             daemon [_thread_blocked, id=11336, stack(0x000000a641100000,0x000000a641200000) (1024K)]
  0x00000274e15cc6e0 JavaThread "Monitor Deflation Thread"   daemon [_thread_blocked, id=9516, stack(0x000000a641200000,0x000000a641300000) (1024K)]
  0x00000274e15d0ec0 JavaThread "C1 CompilerThread0"         daemon [_thread_blocked, id=20060, stack(0x000000a641300000,0x000000a641400000) (1024K)]
  0x00000274e1642f10 JavaThread "Notification Thread"        daemon [_thread_blocked, id=18240, stack(0x000000a641400000,0x000000a641500000) (1024K)]
  0x00000274e164db30 JavaThread "Common-Cleaner"             daemon [_thread_blocked, id=3480, stack(0x000000a641500000,0x000000a641600000) (1024K)]
  0x00000274e6746a50 JavaThread "Thread-0"                          [_thread_blocked, id=16912, stack(0x000000a641800000,0x000000a641900000) (1024K)]
=>0x00000274e6747200 JavaThread "restartedMain"                     [_thread_in_vm, id=5828, stack(0x000000a641900000,0x000000a641a00000) (1024K)]
  0x00000274e6fa51b0 JavaThread "Catalina-utility-1"                [_thread_blocked, id=13700, stack(0x000000a641c00000,0x000000a641d00000) (1024K)]
  0x00000274e15bbd00 JavaThread "Catalina-utility-2"                [_thread_blocked, id=19036, stack(0x000000a641d00000,0x000000a641e00000) (1024K)]
  0x00000274e60ec670 JavaThread "container-0"                       [_thread_blocked, id=10480, stack(0x000000a641e00000,0x000000a641f00000) (1024K)]
Total: 15

Other Threads:
  0x00000274d2242af0 VMThread "VM Thread"                           [id=20052, stack(0x000000a640c00000,0x000000a640d00000) (1024K)]
  0x00000274d222da50 WatcherThread "VM Periodic Task Thread"        [id=9308, stack(0x000000a640b00000,0x000000a640c00000) (1024K)]
  0x00000274d21dcd10 WorkerThread "GC Thread#0"                     [id=12488, stack(0x000000a640500000,0x000000a640600000) (1024K)]
  0x00000274e1ac06d0 WorkerThread "GC Thread#1"                     [id=9756, stack(0x000000a641600000,0x000000a641700000) (1024K)]
  0x00000274e66f43e0 WorkerThread "GC Thread#2"                     [id=10968, stack(0x000000a641700000,0x000000a641800000) (1024K)]
  0x00000274e6748df0 WorkerThread "GC Thread#3"                     [id=14504, stack(0x000000a641a00000,0x000000a641b00000) (1024K)]
  0x00000274d21ea2a0 ConcurrentGCThread "G1 Main Marker"            [id=16276, stack(0x000000a640600000,0x000000a640700000) (1024K)]
  0x00000274d21eb5c0 WorkerThread "G1 Conc#0"                       [id=7884, stack(0x000000a640700000,0x000000a640800000) (1024K)]
  0x00000274d2210d20 WorkerThread "G1 Refinement Workers#0"         [id=9468, stack(0x000000a640900000,0x000000a640a00000) (1024K)]
  0x00000274d220e350 ConcurrentGCThread "G1 Refine Control"         [id=10344, stack(0x000000a640800000,0x000000a640900000) (1024K)]
  0x00000274d2217500 ConcurrentGCThread "G1 Service"                [id=6564, stack(0x000000a640a00000,0x000000a640b00000) (1024K)]
Total: 11

Threads with active compile tasks:
Total: 0

VM state: not at safepoint (normal execution)

VM Mutex/Monitor currently owned by a thread:  ([mutex/lock_event])
[0x00007ff95270fc08] Metaspace_lock - owner thread: 0x00000274e6747200

Heap address: 0x00000000c3600000, size: 970 MB, Compressed Oops mode: 32-bit

CDS archive(s) mapped at: [0x0000000081000000-0x0000000081de0000-0x0000000081de0000), size 14548992, SharedBaseAddress: 0x0000000081000000, ArchiveRelocationMode: 1.
Compressed class space mapped at: 0x0000000082000000-0x00000000c2000000, reserved size: 1073741824
UseCompressedClassPointers 1, UseCompactObjectHeaders 0
Narrow klass pointer bits 32, Max shift 3
Narrow klass base: 0x0000000081000000, Narrow klass shift: 0
Encoding Range: [0x0000000081000000 - 0x0000000181000000), (4294967296 bytes)
Klass Range:    [0x0000000081000000 - 0x00000000c2000000), (1090519040 bytes)
Klass ID Range:  [8 - 1090519033) (1090519025)
Protection zone: [0x0000000081000000 - 0x0000000081010000), (65536 bytes)

GC Precious Log:
 CardTable entry size: 512
 Card Set container configuration: InlinePtr #cards 5 size 8 Array Of Cards #cards 10 size 36 Howl #buckets 4 coarsen threshold 1843 Howl Bitmap #cards 512 size 80 coarsen threshold 460 Card regions per heap region 1 cards per card region 2048
 CPUs: 4 total, 4 available
 Memory: 3877M
 Large Page Support: Disabled
 NUMA Support: Disabled
 Compressed Oops: Enabled (32-bit)
 Heap Region Size: 1M
 Heap Min Capacity: 8M
 Heap Initial Capacity: 8M
 Heap Max Capacity: 970M
 Pre-touch: Disabled
 Parallel Workers: 4
 Concurrent Workers: 1
 Concurrent Refinement Workers: 4
 Periodic GC: Disabled

Heap:
 garbage-first heap   total reserved 993280K, committed 52224K, used 26328K [0x00000000c3600000, 0x0000000100000000)
  region size 1M, 3 eden (3M), 3 survivor (3M), 22 old (22M), 1 humongous (1M), 22 free (22M)

Heap Regions: E=young(eden), S=young(survivor), O=old, HS=humongous(starts), HC=humongous(continues), CS=collection set, F=free, TAMS=top-at-mark-start, PB=parsable bottom
|    0|0x00000000c3600000, 0x00000000c3700000, 0x00000000c3700000|100%|HS|  |TAMS 0x00000000c3600000| PB 0x00000000c3600000| Complete  |  0
|    1|0x00000000c3700000, 0x00000000c3800000, 0x00000000c3800000|100%| O|  |TAMS 0x00000000c3700000| PB 0x00000000c3700000| Untracked |  0
|    2|0x00000000c3800000, 0x00000000c3900000, 0x00000000c3900000|100%| O|  |TAMS 0x00000000c3800000| PB 0x00000000c3800000| Untracked |  0
|    3|0x00000000c3900000, 0x00000000c3a00000, 0x00000000c3a00000|100%| O|  |TAMS 0x00000000c3900000| PB 0x00000000c3900000| Untracked |  0
|    4|0x00000000c3a00000, 0x00000000c3b00000, 0x00000000c3b00000|100%| O|  |TAMS 0x00000000c3a00000| PB 0x00000000c3a00000| Untracked |  0
|    5|0x00000000c3b00000, 0x00000000c3c00000, 0x00000000c3c00000|100%| O|  |TAMS 0x00000000c3b00000| PB 0x00000000c3b00000| Untracked |  0
|    6|0x00000000c3c00000, 0x00000000c3d00000, 0x00000000c3d00000|100%| O|  |TAMS 0x00000000c3c00000| PB 0x00000000c3c00000| Untracked |  0
|    7|0x00000000c3d00000, 0x00000000c3e00000, 0x00000000c3e00000|100%| O|  |TAMS 0x00000000c3d00000| PB 0x00000000c3d00000| Untracked |  0
|    8|0x00000000c3e00000, 0x00000000c3f00000, 0x00000000c3f00000|100%| O|  |TAMS 0x00000000c3e00000| PB 0x00000000c3e00000| Untracked |  0
|    9|0x00000000c3f00000, 0x00000000c4000000, 0x00000000c4000000|100%| O|  |TAMS 0x00000000c3f00000| PB 0x00000000c3f00000| Untracked |  0
|   10|0x00000000c4000000, 0x00000000c4100000, 0x00000000c4100000|100%| O|  |TAMS 0x00000000c4000000| PB 0x00000000c4000000| Untracked |  0
|   11|0x00000000c4100000, 0x00000000c4200000, 0x00000000c4200000|100%| O|  |TAMS 0x00000000c4100000| PB 0x00000000c4100000| Untracked |  0
|   12|0x00000000c4200000, 0x00000000c4300000, 0x00000000c4300000|100%| O|  |TAMS 0x00000000c4200000| PB 0x00000000c4200000| Untracked |  0
|   13|0x00000000c4300000, 0x00000000c4400000, 0x00000000c4400000|100%| O|  |TAMS 0x00000000c4300000| PB 0x00000000c4300000| Untracked |  0
|   14|0x00000000c4400000, 0x00000000c4500000, 0x00000000c4500000|100%| O|  |TAMS 0x00000000c4400000| PB 0x00000000c4400000| Untracked |  0
|   15|0x00000000c4500000, 0x00000000c4600000, 0x00000000c4600000|100%| O|  |TAMS 0x00000000c4500000| PB 0x00000000c4500000| Untracked |  0
|   16|0x00000000c4600000, 0x00000000c4700000, 0x00000000c4700000|100%| O|  |TAMS 0x00000000c4600000| PB 0x00000000c4600000| Untracked |  0
|   17|0x00000000c4700000, 0x00000000c4800000, 0x00000000c4800000|100%| O|  |TAMS 0x00000000c4700000| PB 0x00000000c4700000| Untracked |  0
|   18|0x00000000c4800000, 0x00000000c4900000, 0x00000000c4900000|100%| O|  |TAMS 0x00000000c4800000| PB 0x00000000c4800000| Untracked |  0
|   19|0x00000000c4900000, 0x00000000c4a00000, 0x00000000c4a00000|100%| O|  |TAMS 0x00000000c4900000| PB 0x00000000c4900000| Untracked |  0
|   20|0x00000000c4a00000, 0x00000000c4a4b720, 0x00000000c4b00000| 29%| O|  |TAMS 0x00000000c4a00000| PB 0x00000000c4a00000| Untracked |  0
|   21|0x00000000c4b00000, 0x00000000c4c00000, 0x00000000c4c00000|100%| O|Cm|TAMS 0x00000000c4b00000| PB 0x00000000c4b00000| Complete  |  0
|   22|0x00000000c4c00000, 0x00000000c4c6a9b8, 0x00000000c4d00000| 41%| S|CS|TAMS 0x00000000c4c00000| PB 0x00000000c4c00000| Complete  |  0
|   23|0x00000000c4d00000, 0x00000000c4e00000, 0x00000000c4e00000|100%| S|CS|TAMS 0x00000000c4d00000| PB 0x00000000c4d00000| Complete  |  0
|   24|0x00000000c4e00000, 0x00000000c4f00000, 0x00000000c4f00000|100%| S|CS|TAMS 0x00000000c4e00000| PB 0x00000000c4e00000| Complete  |  0
|   25|0x00000000c4f00000, 0x00000000c4f00000, 0x00000000c5000000|  0%| F|  |TAMS 0x00000000c4f00000| PB 0x00000000c4f00000| Untracked |  0
|   26|0x00000000c5000000, 0x00000000c5000000, 0x00000000c5100000|  0%| F|  |TAMS 0x00000000c5000000| PB 0x00000000c5000000| Untracked |  0
|   27|0x00000000c5100000, 0x00000000c5100000, 0x00000000c5200000|  0%| F|  |TAMS 0x00000000c5100000| PB 0x00000000c5100000| Untracked |  0
|   28|0x00000000c5200000, 0x00000000c5200000, 0x00000000c5300000|  0%| F|  |TAMS 0x00000000c5200000| PB 0x00000000c5200000| Untracked |  0
|   29|0x00000000c5300000, 0x00000000c5300000, 0x00000000c5400000|  0%| F|  |TAMS 0x00000000c5300000| PB 0x00000000c5300000| Untracked |  0
|   30|0x00000000c5400000, 0x00000000c5400000, 0x00000000c5500000|  0%| F|  |TAMS 0x00000000c5400000| PB 0x00000000c5400000| Untracked |  0
|   31|0x00000000c5500000, 0x00000000c5500000, 0x00000000c5600000|  0%| F|  |TAMS 0x00000000c5500000| PB 0x00000000c5500000| Untracked |  0
|   32|0x00000000c5600000, 0x00000000c5600000, 0x00000000c5700000|  0%| F|  |TAMS 0x00000000c5600000| PB 0x00000000c5600000| Untracked |  0
|   33|0x00000000c5700000, 0x00000000c5700000, 0x00000000c5800000|  0%| F|  |TAMS 0x00000000c5700000| PB 0x00000000c5700000| Untracked |  0
|   34|0x00000000c5800000, 0x00000000c5800000, 0x00000000c5900000|  0%| F|  |TAMS 0x00000000c5800000| PB 0x00000000c5800000| Untracked |  0
|   35|0x00000000c5900000, 0x00000000c5900000, 0x00000000c5a00000|  0%| F|  |TAMS 0x00000000c5900000| PB 0x00000000c5900000| Untracked |  0
|   36|0x00000000c5a00000, 0x00000000c5a00000, 0x00000000c5b00000|  0%| F|  |TAMS 0x00000000c5a00000| PB 0x00000000c5a00000| Untracked |  0
|   37|0x00000000c5b00000, 0x00000000c5b00000, 0x00000000c5c00000|  0%| F|  |TAMS 0x00000000c5b00000| PB 0x00000000c5b00000| Untracked |  0
|   38|0x00000000c5c00000, 0x00000000c5c00000, 0x00000000c5d00000|  0%| F|  |TAMS 0x00000000c5c00000| PB 0x00000000c5c00000| Untracked |  0
|   39|0x00000000c5d00000, 0x00000000c5d00000, 0x00000000c5e00000|  0%| F|  |TAMS 0x00000000c5d00000| PB 0x00000000c5d00000| Untracked |  0
|   40|0x00000000c5e00000, 0x00000000c5e00000, 0x00000000c5f00000|  0%| F|  |TAMS 0x00000000c5e00000| PB 0x00000000c5e00000| Untracked |  0
|   41|0x00000000c5f00000, 0x00000000c5f00000, 0x00000000c6000000|  0%| F|  |TAMS 0x00000000c5f00000| PB 0x00000000c5f00000| Untracked |  0
|   42|0x00000000c6000000, 0x00000000c6000000, 0x00000000c6100000|  0%| F|  |TAMS 0x00000000c6000000| PB 0x00000000c6000000| Untracked |  0
|   43|0x00000000c6100000, 0x00000000c6100000, 0x00000000c6200000|  0%| F|  |TAMS 0x00000000c6100000| PB 0x00000000c6100000| Untracked |  0
|   44|0x00000000c6200000, 0x00000000c6200000, 0x00000000c6300000|  0%| F|  |TAMS 0x00000000c6200000| PB 0x00000000c6200000| Untracked |  0
|   45|0x00000000c6300000, 0x00000000c6300000, 0x00000000c6400000|  0%| F|  |TAMS 0x00000000c6300000| PB 0x00000000c6300000| Untracked |  0
|   46|0x00000000c6400000, 0x00000000c6400000, 0x00000000c6500000|  0%| F|  |TAMS 0x00000000c6400000| PB 0x00000000c6400000| Untracked |  0
|   47|0x00000000c6500000, 0x00000000c656aa80, 0x00000000c6600000| 41%| E|CS|TAMS 0x00000000c6500000| PB 0x00000000c6500000| Complete  |  0
|   48|0x00000000c6600000, 0x00000000c6700000, 0x00000000c6700000|100%| E|CS|TAMS 0x00000000c6600000| PB 0x00000000c6600000| Complete  |  0
|  968|0x00000000ffe00000, 0x00000000fff00000, 0x00000000fff00000|100%| O|  |TAMS 0x00000000ffe00000| PB 0x00000000ffe00000| Untracked |  0
|  969|0x00000000fff00000, 0x0000000100000000, 0x0000000100000000|100%| E|CS|TAMS 0x00000000fff00000| PB 0x00000000fff00000| Complete  |  0

Card table byte_map: [0x00000274dde50000,0x00000274de040000] _byte_map_base: 0x00000274dd835000
Refinement table byte_map: [0x00000274de040000,0x00000274de230000] _byte_map_base: 0x00000274dda25000

Marking Bits: (CMBitMap*) 0x00000274d21dd490
 Bits: [0x00000274de230000, 0x00000274df158000)

Polling page: 0x00000274d0040000

Metaspace:
Metaspace        used 42853K, committed 43328K, reserved 1114112K
 class space     used 6496K, committed 6720K, reserved 1048576K

Usage:
  Non-class:     35.51 MB used.
      Class:      6.34 MB used.
       Both:     41.85 MB used.

Virtual space:
  Non-class space:       64.00 MB reserved,      35.75 MB ( 56%) committed,  1 nodes.
      Class space:        1.00 GB reserved,       6.56 MB ( <1%) committed,  1 nodes.
             Both:        1.06 GB reserved,      42.31 MB (  4%) committed. 

Chunk freelists:
   Non-Class:  11.30 MB
       Class:  9.39 MB
        Both:  20.69 MB

MaxMetaspaceSize: unlimited
CompressedClassSpaceSize: 1.00 GB
Initial GC threshold: 21.00 MB
Current GC threshold: 58.88 MB
CDS: on
 - commit_granule_bytes: 65536.
 - commit_granule_words: 8192.
 - virtual_space_node_default_size: 8388608.
 - enlarge_chunks_in_place: 1.
UseCompressedClassPointers 1, UseCompactObjectHeaders 0
Narrow klass pointer bits 32, Max shift 3
Narrow klass base: 0x0000000081000000, Narrow klass shift: 0
Encoding Range: [0x0000000081000000 - 0x0000000181000000), (4294967296 bytes)
Klass Range:    [0x0000000081000000 - 0x00000000c2000000), (1090519040 bytes)
Klass ID Range:  [8 - 1090519033) (1090519025)
Protection zone: [0x0000000081000000 - 0x0000000081010000), (65536 bytes)


Internal statistics:

num_allocs_failed_limit: 6.
num_arena_births: 506.
num_arena_deaths: 0.
num_vsnodes_births: 2.
num_vsnodes_deaths: 0.
num_space_committed: 677.
num_space_uncommitted: 0.
num_chunks_returned_to_freelist: 6.
num_chunks_taken_from_freelist: 2033.
num_chunk_merges: 6.
num_chunk_splits: 1477.
num_chunks_enlarged: 1215.
num_inconsistent_stats: 0.

CodeCache: size=49152Kb used=6443Kb max_used=6956Kb free=42708Kb
 bounds [0x00000274dae50000, 0x00000274db520000, 0x00000274dde50000]
 total_blobs=5164, nmethods=4560, adapters=529, full_count=0
Compilation: enabled, stopped_count=0, restarted_count=0

Compilation events (20 events):
Event: 11.035 Thread 0x00000274e15d0ec0 4585       1       java.lang.String$CaseInsensitiveComparator::compare (13 bytes)
Event: 11.035 Thread 0x00000274e15d0ec0 nmethod 4585 0x00000274db480d08 code [0x00000274db480e00, 0x00000274db480f48]
Event: 11.035 Thread 0x00000274e15d0ec0 4586       1       java.lang.String$CaseInsensitiveComparator::compare (68 bytes)
Event: 11.036 Thread 0x00000274e15d0ec0 nmethod 4586 0x00000274db480988 code [0x00000274db480a80, 0x00000274db480c98]
Event: 11.047 Thread 0x00000274e15d0ec0 4587       1       java.util.TreeMap::put (8 bytes)
Event: 11.047 Thread 0x00000274e15d0ec0 nmethod 4587 0x00000274db480688 code [0x00000274db480780, 0x00000274db480860]
Event: 11.047 Thread 0x00000274e15d0ec0 4588       1       java.util.TreeMap::put (221 bytes)
Event: 11.048 Thread 0x00000274e15d0ec0 nmethod 4588 0x00000274db480088 code [0x00000274db480180, 0x00000274db480660]
Event: 11.210 Thread 0x00000274e15d0ec0 4594       1       java.lang.invoke.InvokerBytecodeGenerator::resolveFrom (81 bytes)
Event: 11.210 Thread 0x00000274e15d0ec0 nmethod 4594 0x00000274db47e988 code [0x00000274db47ea80, 0x00000274db47ec58]
Event: 11.212 Thread 0x00000274e15d0ec0 4595       1       java.lang.invoke.MethodHandleStatics::traceLambdaForm (96 bytes)
Event: 11.212 Thread 0x00000274e15d0ec0 nmethod 4595 0x00000274db47e688 code [0x00000274db47e780, 0x00000274db47e810]
Event: 11.221 Thread 0x00000274e15d0ec0 4597       1       jdk.internal.constant.ConstantUtils::validateClassOrPackageName (123 bytes)
Event: 11.223 Thread 0x00000274e15d0ec0 nmethod 4597 0x00000274db47ce88 code [0x00000274db47cf80, 0x00000274db47dd60]
Event: 11.223 Thread 0x00000274e15d0ec0 4598       1       java.lang.invoke.InvokerBytecodeGenerator$4$1::accept (803 bytes)
Event: 11.225 Thread 0x00000274e15d0ec0 nmethod 4598 0x00000274db47be08 code [0x00000274db47bf00, 0x00000274db47ce08]
Event: 11.393 Thread 0x00000274e15d0ec0 4601       1       org.hibernate.models.internal.AnnotationUsageHelper::findUsage (16 bytes)
Event: 11.394 Thread 0x00000274e15d0ec0 nmethod 4601 0x00000274db479688 code [0x00000274db479780, 0x00000274db4798e0]
Event: 11.394 Thread 0x00000274e15d0ec0 4602       1       org.hibernate.models.internal.jdk.AbstractJdkAnnotationTarget::getUsageMap (20 bytes)
Event: 11.394 Thread 0x00000274e15d0ec0 nmethod 4602 0x00000274db479388 code [0x00000274db479480, 0x00000274db4795c0]

GC Heap Usage History (20 events):
Event: 2.925 {heap Before GC invocations=20 (full 0):
 garbage-first heap   total reserved 993280K, committed 17408K, used 13184K [0x00000000c3600000, 0x0000000100000000)
  region size 1M, 5 eden (5M), 1 survivor (1M), 8 old (8M), 1 humongous (1M), 2 free (2M)
}
Event: 2.927 {heap After GC invocations=21 (full 0):
 garbage-first heap   total reserved 993280K, committed 17408K, used 9389K [0x00000000c3600000, 0x0000000100000000)
  region size 1M, 0 eden (0M), 1 survivor (1M), 8 old (8M), 1 humongous (1M), 7 free (7M)
}
Event: 3.032 {heap Before GC invocations=21 (full 0):
 garbage-first heap   total reserved 993280K, committed 17408K, used 14509K [0x00000000c3600000, 0x0000000100000000)
  region size 1M, 5 eden (5M), 1 survivor (1M), 8 old (8M), 1 humongous (1M), 2 free (2M)
}
Event: 3.034 {heap After GC invocations=22 (full 0):
 garbage-first heap   total reserved 993280K, committed 17408K, used 9764K [0x00000000c3600000, 0x0000000100000000)
  region size 1M, 0 eden (0M), 1 survivor (1M), 8 old (8M), 1 humongous (1M), 7 free (7M)
}
Event: 3.140 {heap Before GC invocations=23 (full 0):
 garbage-first heap   total reserved 993280K, committed 17408K, used 14884K [0x00000000c3600000, 0x0000000100000000)
  region size 1M, 5 eden (5M), 1 survivor (1M), 8 old (8M), 1 humongous (1M), 2 free (2M)
}
Event: 3.143 {heap After GC invocations=24 (full 0):
 garbage-first heap   total reserved 993280K, committed 52224K, used 10229K [0x00000000c3600000, 0x0000000100000000)
  region size 1M, 0 eden (0M), 1 survivor (1M), 9 old (9M), 1 humongous (1M), 40 free (40M)
}
Event: 3.743 {heap Before GC invocations=24 (full 0):
 garbage-first heap   total reserved 993280K, committed 52224K, used 38901K [0x00000000c3600000, 0x0000000100000000)
  region size 1M, 29 eden (29M), 1 survivor (1M), 9 old (9M), 1 humongous (1M), 11 free (11M)
}
Event: 3.748 {heap After GC invocations=25 (full 0):
 garbage-first heap   total reserved 993280K, committed 52224K, used 12748K [0x00000000c3600000, 0x0000000100000000)
  region size 1M, 0 eden (0M), 4 survivor (4M), 9 old (9M), 1 humongous (1M), 37 free (37M)
}
Event: 4.462 {heap Before GC invocations=25 (full 0):
 garbage-first heap   total reserved 993280K, committed 52224K, used 36300K [0x00000000c3600000, 0x0000000100000000)
  region size 1M, 24 eden (24M), 4 survivor (4M), 9 old (9M), 1 humongous (1M), 13 free (13M)
}
Event: 4.473 {heap After GC invocations=26 (full 0):
 garbage-first heap   total reserved 993280K, committed 52224K, used 16977K [0x00000000c3600000, 0x0000000100000000)
  region size 1M, 0 eden (0M), 4 survivor (4M), 12 old (12M), 1 humongous (1M), 34 free (34M)
}
Event: 5.943 {heap Before GC invocations=27 (full 0):
 garbage-first heap   total reserved 993280K, committed 52224K, used 42577K [0x00000000c3600000, 0x0000000100000000)
  region size 1M, 25 eden (25M), 4 survivor (4M), 12 old (12M), 1 humongous (1M), 9 free (9M)
}
Event: 5.954 {heap After GC invocations=28 (full 0):
 garbage-first heap   total reserved 993280K, committed 52224K, used 19470K [0x00000000c3600000, 0x0000000100000000)
  region size 1M, 0 eden (0M), 3 survivor (3M), 16 old (16M), 1 humongous (1M), 31 free (31M)
}
Event: 7.212 {heap Before GC invocations=28 (full 0):
 garbage-first heap   total reserved 993280K, committed 52224K, used 43022K [0x00000000c3600000, 0x0000000100000000)
  region size 1M, 24 eden (24M), 3 survivor (3M), 16 old (16M), 1 humongous (1M), 7 free (7M)
}
Event: 7.220 {heap After GC invocations=29 (full 0):
 garbage-first heap   total reserved 993280K, committed 52224K, used 21481K [0x00000000c3600000, 0x0000000100000000)
  region size 1M, 0 eden (0M), 2 survivor (2M), 18 old (18M), 1 humongous (1M), 30 free (30M)
}
Event: 8.256 {heap Before GC invocations=29 (full 0):
 garbage-first heap   total reserved 993280K, committed 52224K, used 46057K [0x00000000c3600000, 0x0000000100000000)
  region size 1M, 24 eden (24M), 2 survivor (2M), 18 old (18M), 1 humongous (1M), 6 free (6M)
}
Event: 8.262 {heap After GC invocations=30 (full 0):
 garbage-first heap   total reserved 993280K, committed 52224K, used 23019K [0x00000000c3600000, 0x0000000100000000)
  region size 1M, 0 eden (0M), 4 survivor (4M), 18 old (18M), 1 humongous (1M), 28 free (28M)
}
Event: 8.629 {heap Before GC invocations=30 (full 0):
 garbage-first heap   total reserved 993280K, committed 52224K, used 29163K [0x00000000c3600000, 0x0000000100000000)
  region size 1M, 7 eden (7M), 4 survivor (4M), 18 old (18M), 1 humongous (1M), 21 free (21M)
}
Event: 8.642 {heap After GC invocations=31 (full 0):
 garbage-first heap   total reserved 993280K, committed 52224K, used 23899K [0x00000000c3600000, 0x0000000100000000)
  region size 1M, 0 eden (0M), 3 survivor (3M), 20 old (20M), 1 humongous (1M), 27 free (27M)
}
Event: 11.212 {heap Before GC invocations=32 (full 0):
 garbage-first heap   total reserved 993280K, committed 52224K, used 45403K [0x00000000c3600000, 0x0000000100000000)
  region size 1M, 22 eden (22M), 3 survivor (3M), 20 old (20M), 1 humongous (1M), 5 free (5M)
}
Event: 11.219 {heap After GC invocations=33 (full 0):
 garbage-first heap   total reserved 993280K, committed 52224K, used 25304K [0x00000000c3600000, 0x0000000100000000)
  region size 1M, 0 eden (0M), 3 survivor (3M), 22 old (22M), 1 humongous (1M), 25 free (25M)
}

Metaspace Usage History (20 events):
Event: 2.925 {metaspace Before GC invocations=20 (full 0):
 Metaspace       used 9629K, committed 9856K, reserved 1114112K
  class space    used 1400K, committed 1472K, reserved 1048576K
}
Event: 2.927 {metaspace After GC invocations=21 (full 0):
 Metaspace       used 9629K, committed 9856K, reserved 1114112K
  class space    used 1400K, committed 1472K, reserved 1048576K
}
Event: 3.032 {metaspace Before GC invocations=21 (full 0):
 Metaspace       used 11056K, committed 11264K, reserved 1114112K
  class space    used 1583K, committed 1664K, reserved 1048576K
}
Event: 3.034 {metaspace After GC invocations=22 (full 0):
 Metaspace       used 11056K, committed 11264K, reserved 1114112K
  class space    used 1583K, committed 1664K, reserved 1048576K
}
Event: 3.140 {metaspace Before GC invocations=23 (full 0):
 Metaspace       used 12032K, committed 12288K, reserved 1114112K
  class space    used 1800K, committed 1920K, reserved 1048576K
}
Event: 3.143 {metaspace After GC invocations=24 (full 0):
 Metaspace       used 12032K, committed 12288K, reserved 1114112K
  class space    used 1800K, committed 1920K, reserved 1048576K
}
Event: 3.743 {metaspace Before GC invocations=24 (full 0):
 Metaspace       used 19339K, committed 19648K, reserved 1114112K
  class space    used 2774K, committed 2944K, reserved 1048576K
}
Event: 3.748 {metaspace After GC invocations=25 (full 0):
 Metaspace       used 19339K, committed 19648K, reserved 1114112K
  class space    used 2774K, committed 2944K, reserved 1048576K
}
Event: 4.462 {metaspace Before GC invocations=25 (full 0):
 Metaspace       used 21208K, committed 21504K, reserved 1114112K
  class space    used 3049K, committed 3200K, reserved 1048576K
}
Event: 4.473 {metaspace After GC invocations=26 (full 0):
 Metaspace       used 21208K, committed 21504K, reserved 1114112K
  class space    used 3049K, committed 3200K, reserved 1048576K
}
Event: 5.943 {metaspace Before GC invocations=27 (full 0):
 Metaspace       used 25032K, committed 25344K, reserved 1114112K
  class space    used 3660K, committed 3776K, reserved 1048576K
}
Event: 5.954 {metaspace After GC invocations=28 (full 0):
 Metaspace       used 25032K, committed 25344K, reserved 1114112K
  class space    used 3660K, committed 3776K, reserved 1048576K
}
Event: 7.212 {metaspace Before GC invocations=28 (full 0):
 Metaspace       used 28684K, committed 29056K, reserved 1114112K
  class space    used 4191K, committed 4352K, reserved 1048576K
}
Event: 7.220 {metaspace After GC invocations=29 (full 0):
 Metaspace       used 28684K, committed 29056K, reserved 1114112K
  class space    used 4191K, committed 4352K, reserved 1048576K
}
Event: 8.256 {metaspace Before GC invocations=29 (full 0):
 Metaspace       used 34152K, committed 34624K, reserved 1114112K
  class space    used 4980K, committed 5184K, reserved 1048576K
}
Event: 8.262 {metaspace After GC invocations=30 (full 0):
 Metaspace       used 34152K, committed 34624K, reserved 1114112K
  class space    used 4980K, committed 5184K, reserved 1048576K
}
Event: 8.629 {metaspace Before GC invocations=30 (full 0):
 Metaspace       used 35580K, committed 35968K, reserved 1114112K
  class space    used 5347K, committed 5504K, reserved 1048576K
}
Event: 8.642 {metaspace After GC invocations=31 (full 0):
 Metaspace       used 35580K, committed 35968K, reserved 1114112K
  class space    used 5347K, committed 5504K, reserved 1048576K
}
Event: 11.212 {metaspace Before GC invocations=32 (full 0):
 Metaspace       used 42213K, committed 42752K, reserved 1114112K
  class space    used 6431K, committed 6656K, reserved 1048576K
}
Event: 11.219 {metaspace After GC invocations=33 (full 0):
 Metaspace       used 42213K, committed 42752K, reserved 1114112K
  class space    used 6431K, committed 6656K, reserved 1048576K
}

Dll operation events (18 events):
Event: 0.038 Attempting to load shared library C:\Users\Riya Raj\.jdks\openjdk-26.0.2\bin\java.dll
Event: 0.042 Loaded shared library C:\Users\Riya Raj\.jdks\openjdk-26.0.2\bin\java.dll
Event: 0.254 Attempting to load shared library C:\Users\Riya Raj\.jdks\openjdk-26.0.2\bin\net.dll
Event: 0.255 Loaded shared library C:\Users\Riya Raj\.jdks\openjdk-26.0.2\bin\net.dll
Event: 0.260 Attempting to load shared library C:\Users\Riya Raj\.jdks\openjdk-26.0.2\bin\nio.dll
Event: 0.261 Loaded shared library C:\Users\Riya Raj\.jdks\openjdk-26.0.2\bin\nio.dll
Event: 0.273 Attempting to load shared library C:\Users\Riya Raj\.jdks\openjdk-26.0.2\bin\zip.dll
Event: 0.275 Loaded shared library C:\Users\Riya Raj\.jdks\openjdk-26.0.2\bin\zip.dll
Event: 0.989 Attempting to load shared library C:\Users\Riya Raj\.jdks\openjdk-26.0.2\bin\jimage.dll
Event: 0.989 Loaded shared library C:\Users\Riya Raj\.jdks\openjdk-26.0.2\bin\jimage.dll
Event: 1.970 Attempting to load shared library C:\Users\Riya Raj\.jdks\openjdk-26.0.2\bin\management.dll
Event: 1.972 Loaded shared library C:\Users\Riya Raj\.jdks\openjdk-26.0.2\bin\management.dll
Event: 1.976 Attempting to load shared library C:\Users\Riya Raj\.jdks\openjdk-26.0.2\bin\management_ext.dll
Event: 1.982 Loaded shared library C:\Users\Riya Raj\.jdks\openjdk-26.0.2\bin\management_ext.dll
Event: 3.865 Attempting to load shared library C:\Users\Riya Raj\.jdks\openjdk-26.0.2\bin\sunmscapi.dll
Event: 3.886 Loaded shared library C:\Users\Riya Raj\.jdks\openjdk-26.0.2\bin\sunmscapi.dll
Event: 9.382 Attempting to load shared library C:\Users\Riya Raj\.jdks\openjdk-26.0.2\bin\extnet.dll
Event: 9.383 Loaded shared library C:\Users\Riya Raj\.jdks\openjdk-26.0.2\bin\extnet.dll

Deoptimization events (6 events):
Event: 2.519 Thread 0x00000274e6747200 DEOPT PACKING pc=0x00000274db10822c sp=0x000000a6419fc270
Event: 2.520 Thread 0x00000274e6747200 DEOPT UNPACKING pc=0x00000274daea15a2 sp=0x000000a6419fb768 mode 0
Event: 7.388 Thread 0x00000274e6fa51b0 DEOPT PACKING pc=0x00000274db1f9fd1 sp=0x000000a641cff180
Event: 7.388 Thread 0x00000274e6fa51b0 DEOPT UNPACKING pc=0x00000274daea15a2 sp=0x000000a641cfe5d8 mode 3
Event: 7.389 Thread 0x00000274e15bbd00 DEOPT PACKING pc=0x00000274db0e5fd6 sp=0x000000a641dfece0
Event: 7.389 Thread 0x00000274e15bbd00 DEOPT UNPACKING pc=0x00000274daea15a2 sp=0x000000a641dfe178 mode 3

Classes loaded (20 events):
Event: 9.741 Loading class sun/security/util/PBEUtil
Event: 9.742 Loading class sun/security/util/PBEUtil done
Event: 9.742 Loading class javax/crypto/MacSpi
Event: 9.742 Loading class javax/crypto/MacSpi done
Event: 9.742 Loading class com/sun/crypto/provider/HmacCore$HmacSHA256
Event: 9.742 Loading class com/sun/crypto/provider/HmacCore
Event: 9.743 Loading class com/sun/crypto/provider/HmacCore done
Event: 9.743 Loading class com/sun/crypto/provider/HmacCore$HmacSHA256 done
Event: 9.743 Loading class com/sun/crypto/provider/PBKDF2KeyImpl$1
Event: 9.743 Loading class com/sun/crypto/provider/PBKDF2KeyImpl$1 done
Event: 9.777 Loading class javax/crypto/spec/SecretKeySpec
Event: 9.777 Loading class javax/crypto/spec/SecretKeySpec done
Event: 9.777 Loading class jdk/internal/access/JavaxCryptoSpecAccess
Event: 9.778 Loading class jdk/internal/access/JavaxCryptoSpecAccess done
Event: 9.785 Loading class java/util/concurrent/atomic/AtomicReferenceFieldUpdater
Event: 9.786 Loading class java/util/concurrent/atomic/AtomicReferenceFieldUpdater done
Event: 9.786 Loading class java/util/concurrent/atomic/AtomicReferenceFieldUpdater$AtomicReferenceFieldUpdaterImpl
Event: 9.786 Loading class java/util/concurrent/atomic/AtomicReferenceFieldUpdater$AtomicReferenceFieldUpdaterImpl done
Event: 11.025 Loading class jdk/internal/reflect/MethodHandleIntegerFieldAccessorImpl
Event: 11.026 Loading class jdk/internal/reflect/MethodHandleIntegerFieldAccessorImpl done

Classes unloaded (0 events):
No events

Classes redefined (0 events):
No events

Internal exceptions (20 events):
Event: 6.747 Thread 0x00000274e6747200 Exception <a 'java/lang/NoSuchMethodError'{0x00000000c5938ba0}: 'java.lang.Object java.lang.invoke.DirectMethodHandle$Holder.invokeStaticInit(java.lang.Object, java.lang.Object, int, int, int, int)'> (0x00000000c5938ba0) 
thrown [s\open\src\hotspot\share\interpreter\linkResolver.cpp, line 804]
Event: 7.067 Thread 0x00000274e6747200 Exception <a 'java/lang/NoSuchMethodError'{0x00000000c52a99a8}: 'int java.lang.invoke.DirectMethodHandle$Holder.invokeVirtual(java.lang.Object, java.lang.Object, java.lang.Object, java.lang.Object)'> (0x00000000c52a99a8) 
thrown [s\open\src\hotspot\share\interpreter\linkResolver.cpp, line 804]
Event: 7.143 Thread 0x00000274e6747200 Exception <a 'java/io/FileNotFoundException'{0x00000000c51bd6a8}> (0x00000000c51bd6a8) 
thrown [s\open\src\hotspot\share\prims\jni.cpp, line 514]
Event: 7.250 Thread 0x00000274e6747200 Exception <a 'java/lang/NoSuchMethodError'{0x00000000fff929c8}: 'int java.lang.invoke.DirectMethodHandle$Holder.invokeInterface(java.lang.Object, java.lang.Object, java.lang.Object, java.lang.Object)'> (0x00000000fff929c8) 
thrown [s\open\src\hotspot\share\interpreter\linkResolver.cpp, line 804]
Event: 7.359 Thread 0x00000274e6747200 Exception <a 'java/lang/NoSuchMethodError'{0x00000000c64155d8}: 'long java.lang.invoke.DirectMethodHandle$Holder.invokeVirtual(java.lang.Object, java.lang.Object)'> (0x00000000c64155d8) 
thrown [s\open\src\hotspot\share\interpreter\linkResolver.cpp, line 804]
Event: 7.368 Thread 0x00000274e6747200 Exception <a 'java/io/FileNotFoundException'{0x00000000c64482e8}> (0x00000000c64482e8) 
thrown [s\open\src\hotspot\share\prims\jni.cpp, line 514]
Event: 7.415 Thread 0x00000274e6747200 Exception <a 'java/lang/NoSuchMethodError'{0x00000000c63f3390}: 'void java.lang.invoke.DirectMethodHandle$Holder.invokeVirtual(java.lang.Object, java.lang.Object, long)'> (0x00000000c63f3390) 
thrown [s\open\src\hotspot\share\interpreter\linkResolver.cpp, line 804]
Event: 7.491 Thread 0x00000274e6747200 Exception <a 'java/lang/NoSuchMethodError'{0x00000000c6061ec0}: 'java.lang.Object java.lang.invoke.DirectMethodHandle$Holder.newInvokeSpecial(java.lang.Object, java.lang.Object, java.lang.Object, java.lang.Object, java.lang.Object, java.lang.Object, java.lang.Object, java.lang.Object, java.lang.Object, java.lang.Object, java.lang.Object)'> (0x00000000c6061ec0) 
thrown [s\open\src\hotspot\share\interpreter\linkResolver.cpp, line 804]
Event: 7.703 Thread 0x00000274e6747200 Exception <a 'java/lang/NoSuchMethodError'{0x00000000c5b9d070}: 'void java.lang.invoke.DelegatingMethodHandle$Holder.reinvoke_L(java.lang.Object, java.lang.Object, java.lang.Object, java.lang.Object, int, java.lang.Object, java.lang.Object, java.lang.Object)'> (0x00000000c5b9d070) 
thrown [s\open\src\hotspot\share\interpreter\linkResolver.cpp, line 804]
Event: 7.708 Thread 0x00000274e6747200 Exception <a 'java/lang/NoSuchMethodError'{0x00000000c5bf1300}: 'java.lang.Object java.lang.invoke.DirectMethodHandle$Holder.invokeStatic(java.lang.Object, java.lang.Object, java.lang.Object, java.lang.Object, java.lang.Object, java.lang.Object, java.lang.Object, java.lang.Object, java.lang.Object, java.lang.Object)'> (0x00000000c5bf1300) 
thrown [s\open\src\hotspot\share\interpreter\linkResolver.cpp, line 804]
Event: 8.735 Thread 0x00000274e6747200 Exception <a 'java/lang/IncompatibleClassChangeError'{0x00000000c6635f08}: Found class java.lang.Object, but interface was expected> (0x00000000c6635f08) 
thrown [s\open\src\hotspot\share\interpreter\linkResolver.cpp, line 871]
Event: 9.694 Thread 0x00000274e6747200 Exception <a 'sun/nio/fs/WindowsException'{0x00000000c545e508}> (0x00000000c545e508) 
thrown [s\open\src\hotspot\share\prims\jni.cpp, line 514]
Event: 9.732 Thread 0x00000274e6747200 Exception <a 'java/lang/NoSuchMethodError'{0x00000000c532cf68}: 'int java.lang.invoke.DirectMethodHandle$Holder.invokeInterface(java.lang.Object, java.lang.Object, int)'> (0x00000000c532cf68) 
thrown [s\open\src\hotspot\share\interpreter\linkResolver.cpp, line 804]
Event: 9.732 Thread 0x00000274e6747200 Exception <a 'java/lang/IncompatibleClassChangeError'{0x00000000c53351a8}: Found class java.lang.Object, but interface was expected> (0x00000000c53351a8) 
thrown [s\open\src\hotspot\share\interpreter\linkResolver.cpp, line 871]
Event: 11.028 Thread 0x00000274e6747200 Exception <a 'java/lang/NoSuchMethodError'{0x00000000c50229a8}: 'int java.lang.invoke.Invokers$Holder.invokeExact_MT(java.lang.Object, java.lang.Object)'> (0x00000000c50229a8) 
thrown [s\open\src\hotspot\share\interpreter\linkResolver.cpp, line 804]
Event: 11.147 Thread 0x00000274e6747200 Exception <a 'java/lang/NoSuchMethodError'{0x00000000c4f3a210}: 'java.lang.Object java.lang.invoke.DirectMethodHandle$Holder.invokeSpecial(java.lang.Object, java.lang.Object, int, java.lang.Object, int)'> (0x00000000c4f3a210) 
thrown [s\open\src\hotspot\share\interpreter\linkResolver.cpp, line 804]
Event: 11.148 Thread 0x00000274e6747200 Exception <a 'java/lang/NoSuchMethodError'{0x00000000c4f42a58}: 'java.lang.Object java.lang.invoke.DirectMethodHandle$Holder.invokeSpecial(java.lang.Object, java.lang.Object, java.lang.Object, int, java.lang.Object, int)'> (0x00000000c4f42a58) 
thrown [s\open\src\hotspot\share\interpreter\linkResolver.cpp, line 804]
Event: 11.149 Thread 0x00000274e6747200 Exception <a 'java/lang/NoSuchMethodError'{0x00000000c4f4acc8}: 'java.lang.Object java.lang.invoke.DelegatingMethodHandle$Holder.reinvoke_L(java.lang.Object, java.lang.Object, int, java.lang.Object, int)'> (0x00000000c4f4acc8) 
thrown [s\open\src\hotspot\share\interpreter\linkResolver.cpp, line 804]
Event: 11.221 Thread 0x00000274e6747200 Exception <a 'java/lang/NoSuchMethodError'{0x00000000fff09be0}: 'java.lang.Object java.lang.invoke.DirectMethodHandle$Holder.newInvokeSpecial(java.lang.Object, java.lang.Object, java.lang.Object, java.lang.Object, java.lang.Object, int, java.lang.Object)'> (0x00000000fff09be0) 
thrown [s\open\src\hotspot\share\interpreter\linkResolver.cpp, line 804]
Event: 11.222 Thread 0x00000274e6747200 Exception <a 'java/lang/NoSuchMethodError'{0x00000000fff128c8}: 'java.lang.Object java.lang.invoke.DirectMethodHandle$Holder.invokeSpecial(java.lang.Object, java.lang.Object, java.lang.Object, java.lang.Object, java.lang.Object, java.lang.Object, int, java.lang.Object)'> (0x00000000fff128c8) 
thrown [s\open\src\hotspot\share\interpreter\linkResolver.cpp, line 804]

VM Operations (20 events):
Event: 7.488 Executing non-safepoint VM operation: HandshakeAllThreads (Deoptimize)
Event: 7.488 Executing non-safepoint VM operation: HandshakeAllThreads (Deoptimize) done
Event: 8.256 Executing safepoint VM operation: G1CollectForAllocation (G1 Evacuation Pause)
Event: 8.262 Executing safepoint VM operation: G1CollectForAllocation (G1 Evacuation Pause) done
Event: 8.629 Executing safepoint VM operation: CollectForMetadataAllocation (Metadata GC Threshold)
Event: 8.642 Executing safepoint VM operation: CollectForMetadataAllocation (Metadata GC Threshold) done
Event: 8.694 Executing safepoint VM operation: G1PauseRemark
Event: 8.704 Executing safepoint VM operation: G1PauseRemark done
Event: 8.722 Executing safepoint VM operation: G1PauseCleanup
Event: 8.722 Executing safepoint VM operation: G1PauseCleanup done
Event: 9.696 Executing non-safepoint VM operation: HandshakeAllThreads (Deoptimize)
Event: 9.696 Executing non-safepoint VM operation: HandshakeAllThreads (Deoptimize) done
Event: 9.706 Executing non-safepoint VM operation: HandshakeAllThreads (Deoptimize)
Event: 9.706 Executing non-safepoint VM operation: HandshakeAllThreads (Deoptimize) done
Event: 9.730 Executing non-safepoint VM operation: HandshakeAllThreads (Deoptimize)
Event: 9.730 Executing non-safepoint VM operation: HandshakeAllThreads (Deoptimize) done
Event: 11.027 Executing non-safepoint VM operation: HandshakeAllThreads (Deoptimize)
Event: 11.028 Executing non-safepoint VM operation: HandshakeAllThreads (Deoptimize) done
Event: 11.212 Executing safepoint VM operation: G1CollectForAllocation (G1 Evacuation Pause)
Event: 11.219 Executing safepoint VM operation: G1CollectForAllocation (G1 Evacuation Pause) done

Memory protections (0 events):
No events

Nmethod flushes (20 events):
Event: 4.494 Thread 0x00000274d2242af0 flushing  nmethod 0x00000274daf96c08
Event: 4.494 Thread 0x00000274d2242af0 flushing  nmethod 0x00000274db006188
Event: 4.494 Thread 0x00000274d2242af0 flushing  nmethod 0x00000274db0ea288
Event: 8.703 Thread 0x00000274d2242af0 flushing  nmethod 0x00000274dafafd08
Event: 8.703 Thread 0x00000274d2242af0 flushing  nmethod 0x00000274dafeb288
Event: 8.703 Thread 0x00000274d2242af0 flushing  nmethod 0x00000274db01a988
Event: 8.703 Thread 0x00000274d2242af0 flushing  nmethod 0x00000274db077408
Event: 8.703 Thread 0x00000274d2242af0 flushing  nmethod 0x00000274db0a9b08
Event: 8.703 Thread 0x00000274d2242af0 flushing  nmethod 0x00000274db101288
Event: 8.703 Thread 0x00000274d2242af0 flushing  nmethod 0x00000274db12a388
Event: 8.703 Thread 0x00000274d2242af0 flushing  nmethod 0x00000274db145e88
Event: 8.703 Thread 0x00000274d2242af0 flushing  nmethod 0x00000274db18d408
Event: 8.703 Thread 0x00000274d2242af0 flushing  nmethod 0x00000274db18d708
Event: 8.703 Thread 0x00000274d2242af0 flushing  nmethod 0x00000274db1a2308
Event: 8.703 Thread 0x00000274d2242af0 flushing  nmethod 0x00000274dafa3188
Event: 8.703 Thread 0x00000274d2242af0 flushing  nmethod 0x00000274daff5288
Event: 8.703 Thread 0x00000274d2242af0 flushing  nmethod 0x00000274daff5588
Event: 8.703 Thread 0x00000274d2242af0 flushing  nmethod 0x00000274db132788
Event: 8.703 Thread 0x00000274d2242af0 flushing  nmethod 0x00000274db2a8b88
Event: 8.703 Thread 0x00000274d2242af0 flushing  nmethod 0x00000274db2b6e08

Events (20 events):
Event: 0.126 Thread 0x00000274d219fe60 Thread added: 0x00000274d225cb10
Event: 0.126 Thread 0x00000274d219fe60 Thread added: 0x00000274d225da70
Event: 0.126 Thread 0x00000274d219fe60 Thread added: 0x00000274d225e750
Event: 0.127 Thread 0x00000274d219fe60 Thread added: 0x00000274e15cc6e0
Event: 0.127 Thread 0x00000274d219fe60 Thread added: 0x00000274e15d0ec0
Event: 0.234 Thread 0x00000274d219fe60 JVMTI - enter start phase
Event: 0.234 Thread 0x00000274d219fe60 JVMTI - enter live phase
Event: 0.235 Thread 0x00000274d219fe60 Thread added: 0x00000274e1642f10
Event: 0.240 Thread 0x00000274d219fe60 Thread added: 0x00000274e164db30
Event: 2.074 Thread 0x00000274d219fe60 Thread added: 0x00000274e6746a50
Event: 2.078 Thread 0x00000274e6746a50 Thread added: 0x00000274e6747200
Event: 2.864 Thread 0x00000274e6747200 Thread added: 0x00000274e6905d80
Event: 3.560 Thread 0x00000274e6747200 Thread added: 0x00000274e6cc9aa0
Event: 3.645 Thread 0x00000274e6cc9aa0 Thread exited: 0x00000274e6cc9aa0
Event: 3.959 Thread 0x00000274e6905d80 Thread exited: 0x00000274e6905d80
Event: 6.633 Thread 0x00000274e15d0ec0 Thread added: 0x00000274e6066770
Event: 7.382 Thread 0x00000274e6747200 Thread added: 0x00000274e6fa51b0
Event: 7.385 Thread 0x00000274e6747200 Thread added: 0x00000274e15bbd00
Event: 7.392 Thread 0x00000274e6747200 Thread added: 0x00000274e60ec670
Event: 10.792 Thread 0x00000274e6066770 Thread exited: 0x00000274e6066770


Dynamic libraries:
0x00007ff71d550000 - 0x00007ff71d55e000 	C:\Users\Riya Raj\.jdks\openjdk-26.0.2\bin\java.exe
0x00007ffa12e40000 - 0x00007ffa130a6000 	C:\WINDOWS\SYSTEM32\ntdll.dll
0x00007ffa12000000 - 0x00007ffa120c9000 	C:\WINDOWS\System32\KERNEL32.DLL
0x00007ffa106a0000 - 0x00007ffa10a9e000 	C:\WINDOWS\System32\KERNELBASE.dll
0x00007ffa10060000 - 0x00007ffa101ac000 	C:\WINDOWS\System32\ucrtbase.dll
0x00007ff9e34d0000 - 0x00007ff9e34ee000 	C:\Users\Riya Raj\.jdks\openjdk-26.0.2\bin\VCRUNTIME140.dll
0x00007ff9e06d0000 - 0x00007ff9e06e7000 	C:\Users\Riya Raj\.jdks\openjdk-26.0.2\bin\jli.dll
0x00007ffa12240000 - 0x00007ffa12407000 	C:\WINDOWS\System32\USER32.dll
0x00007ff9f3900000 - 0x00007ff9f3b92000 	C:\WINDOWS\WinSxS\amd64_microsoft.windows.common-controls_6595b64144ccf1df_6.0.26100.8875_none_3e0d5d42e32fe9dd\COMCTL32.dll
0x00007ffa11f10000 - 0x00007ffa11fb9000 	C:\WINDOWS\System32\msvcrt.dll
0x00007ffa10500000 - 0x00007ffa10527000 	C:\WINDOWS\System32\win32u.dll
0x00007ffa110d0000 - 0x00007ffa110fb000 	C:\WINDOWS\System32\GDI32.dll
0x00007ffa101c0000 - 0x00007ffa102ea000 	C:\WINDOWS\System32\gdi32full.dll
0x00007ffa105f0000 - 0x00007ffa10693000 	C:\WINDOWS\System32\msvcp_win.dll
0x00007ffa128b0000 - 0x00007ffa128e2000 	C:\WINDOWS\System32\IMM32.DLL
0x00007ff9fe4d0000 - 0x00007ff9fe4dc000 	C:\Users\Riya Raj\.jdks\openjdk-26.0.2\bin\vcruntime140_1.dll
0x00007ff9bbff0000 - 0x00007ff9bc07d000 	C:\Users\Riya Raj\.jdks\openjdk-26.0.2\bin\msvcp140.dll
0x00007ff951930000 - 0x00007ff952801000 	C:\Users\Riya Raj\.jdks\openjdk-26.0.2\bin\server\jvm.dll
0x00007ffa12d40000 - 0x00007ffa12df7000 	C:\WINDOWS\System32\ADVAPI32.dll
0x00007ffa12900000 - 0x00007ffa129aa000 	C:\WINDOWS\System32\sechost.dll
0x00007ffa125f0000 - 0x00007ffa12708000 	C:\WINDOWS\System32\RPCRT4.dll
0x00007ffa10e60000 - 0x00007ffa10ee0000 	C:\WINDOWS\System32\WS2_32.dll
0x00007ffa0fee0000 - 0x00007ffa0ff3e000 	C:\WINDOWS\SYSTEM32\POWRPROF.dll
0x00007ff9f1630000 - 0x00007ff9f1666000 	C:\WINDOWS\SYSTEM32\WINMM.dll
0x00007ffa04880000 - 0x00007ffa0488b000 	C:\WINDOWS\SYSTEM32\VERSION.dll
0x00007ffa0fec0000 - 0x00007ffa0fed4000 	C:\WINDOWS\SYSTEM32\UMPDC.dll
0x00007ffa0ed20000 - 0x00007ffa0ed3b000 	C:\WINDOWS\SYSTEM32\kernel.appcore.dll
0x00007ff9efea0000 - 0x00007ff9efeaa000 	C:\Users\Riya Raj\.jdks\openjdk-26.0.2\bin\jimage.dll
0x00007ffa05c50000 - 0x00007ffa05e92000 	C:\WINDOWS\SYSTEM32\DBGHELP.DLL
0x00007ffa129b0000 - 0x00007ffa12d33000 	C:\WINDOWS\System32\combase.dll
0x00007ffa127d0000 - 0x00007ffa128a9000 	C:\WINDOWS\System32\OLEAUT32.dll
0x00007ff9e7840000 - 0x00007ff9e787b000 	C:\WINDOWS\SYSTEM32\dbgcore.DLL
0x00007ffa10530000 - 0x00007ffa105dc000 	C:\WINDOWS\System32\bcryptPrimitives.dll
0x00007ff9e06b0000 - 0x00007ff9e06cf000 	C:\Users\Riya Raj\.jdks\openjdk-26.0.2\bin\java.dll
0x00007ffa10cc0000 - 0x00007ffa10e59000 	C:\WINDOWS\System32\ole32.dll
0x00007ffa11590000 - 0x00007ffa11d22000 	C:\WINDOWS\System32\SHELL32.dll
0x00007ffa0daa0000 - 0x00007ffa0e332000 	C:\WINDOWS\SYSTEM32\windows.storage.dll
0x00007ffa10b70000 - 0x00007ffa10c67000 	C:\WINDOWS\System32\SHCORE.dll
0x00007ffa11df0000 - 0x00007ffa11e57000 	C:\WINDOWS\System32\shlwapi.dll
0x00007ffa0ff80000 - 0x00007ffa0ffa9000 	C:\WINDOWS\SYSTEM32\profapi.dll
0x00007ff9df7d0000 - 0x00007ff9df7e2000 	C:\Users\Riya Raj\.jdks\openjdk-26.0.2\bin\net.dll
0x00007ffa0f2f0000 - 0x00007ffa0f35c000 	C:\WINDOWS\system32\mswsock.dll
0x00007ff9de9b0000 - 0x00007ff9de9c6000 	C:\Users\Riya Raj\.jdks\openjdk-26.0.2\bin\nio.dll
0x00007ff9ddd30000 - 0x00007ff9ddd46000 	C:\Users\Riya Raj\.jdks\openjdk-26.0.2\bin\zip.dll
0x00007ff9ed610000 - 0x00007ff9ed61a000 	C:\Users\Riya Raj\.jdks\openjdk-26.0.2\bin\management.dll
0x00007ff9eb4c0000 - 0x00007ff9eb4cc000 	C:\Users\Riya Raj\.jdks\openjdk-26.0.2\bin\management_ext.dll
0x00007ffa128f0000 - 0x00007ffa128f8000 	C:\WINDOWS\System32\PSAPI.DLL
0x00007ff9e6cb0000 - 0x00007ff9e6cbe000 	C:\Users\Riya Raj\.jdks\openjdk-26.0.2\bin\sunmscapi.dll
0x00007ffa10380000 - 0x00007ffa104f8000 	C:\WINDOWS\System32\CRYPT32.dll
0x00007ffa0f830000 - 0x00007ffa0f860000 	C:\WINDOWS\SYSTEM32\ncrypt.dll
0x00007ffa0f7e0000 - 0x00007ffa0f81f000 	C:\WINDOWS\SYSTEM32\NTASN1.dll
0x00007ffa0f5f0000 - 0x00007ffa0f60b000 	C:\WINDOWS\SYSTEM32\CRYPTSP.dll
0x00007ffa0ec80000 - 0x00007ffa0ecb9000 	C:\WINDOWS\system32\rsaenh.dll
0x00007ffa0f3b0000 - 0x00007ffa0f3e2000 	C:\WINDOWS\SYSTEM32\USERENV.dll
0x00007ffa0ff50000 - 0x00007ffa0ff7a000 	C:\WINDOWS\SYSTEM32\bcrypt.dll
0x00007ffa0f610000 - 0x00007ffa0f61c000 	C:\WINDOWS\SYSTEM32\CRYPTBASE.dll
0x00007ffa0e5f0000 - 0x00007ffa0e623000 	C:\WINDOWS\SYSTEM32\IPHLPAPI.DLL
0x00007ffa11fc0000 - 0x00007ffa11fca000 	C:\WINDOWS\System32\NSI.dll
0x00007ffa0e630000 - 0x00007ffa0e786000 	C:\WINDOWS\SYSTEM32\DNSAPI.dll
0x00007ffa0f0d0000 - 0x00007ffa0f0dd000 	C:\WINDOWS\SYSTEM32\DSPARSE.dll
0x00007ff9fdab0000 - 0x00007ff9fdabb000 	C:\Windows\System32\rasadhlp.dll
0x00007ff9fe6c0000 - 0x00007ff9fe746000 	C:\WINDOWS\System32\fwpuclnt.dll
0x00007ff9e8fa0000 - 0x00007ff9e8fa9000 	C:\Users\Riya Raj\.jdks\openjdk-26.0.2\bin\extnet.dll

JVMTI agents: none

dbghelp: loaded successfully - version: 4.0.5 - missing functions: none
symbol engine: initialized successfully - sym options: 0x614 - pdb path: .;C:\Users\Riya Raj\.jdks\openjdk-26.0.2\bin;C:\WINDOWS\SYSTEM32;C:\WINDOWS\WinSxS\amd64_microsoft.windows.common-controls_6595b64144ccf1df_6.0.26100.8875_none_3e0d5d42e32fe9dd;C:\Users\Riya Raj\.jdks\openjdk-26.0.2\bin\server

VM Arguments:
jvm_args: -XX:TieredStopAtLevel=1 
java_command: com.learnhub.backend.BackendApplication
java_class_path (initial): C:\Users\Riya Raj\Downloads\learnhub\project-backend-Java\target\classes;C:\Users\Riya Raj\.m2\repository\ch\qos\logback\logback-classic\1.5.34\logback-classic-1.5.34.jar;C:\Users\Riya Raj\.m2\repository\ch\qos\logback\logback-core\1.5.34\logback-core-1.5.34.jar;C:\Users\Riya Raj\.m2\repository\org\apache\logging\log4j\log4j-to-slf4j\2.25.4\log4j-to-slf4j-2.25.4.jar;C:\Users\Riya Raj\.m2\repository\org\apache\logging\log4j\log4j-api\2.25.4\log4j-api-2.25.4.jar;C:\Users\Riya Raj\.m2\repository\org\slf4j\jul-to-slf4j\2.0.18\jul-to-slf4j-2.0.18.jar;C:\Users\Riya Raj\.m2\repository\jakarta\annotation\jakarta.annotation-api\3.0.0\jakarta.annotation-api-3.0.0.jar;C:\Users\Riya Raj\.m2\repository\org\yaml\snakeyaml\2.6\snakeyaml-2.6.jar;C:\Users\Riya Raj\.m2\repository\com\zaxxer\HikariCP\7.0.2\HikariCP-7.0.2.jar;C:\Users\Riya Raj\.m2\repository\org\slf4j\slf4j-api\2.0.18\slf4j-api-2.0.18.jar;C:\Users\Riya Raj\.m2\repository\org\springframework\boot\spring-boot-data-jpa\4.1.0\spring-boot-data-jpa-4.1.0.jar;C:\Users\Riya Raj\.m2\repository\org\springframework\boot\spring-boot-data-commons\4.1.0\spring-boot-data-commons-4.1.0.jar;C:\Users\Riya Raj\.m2\repository\org\springframework\boot\spring-boot-persistence\4.1.0\spring-boot-persistence-4.1.0.jar;C:\Users\Riya Raj\.m2\repository\org\springframework\data\spring-data-commons\4.1.0\spring-data-commons-4.1.0.jar;C:\Users\Riya Raj\.m2\repository\org\springframework\boot\spring-boot-hibernate\4.1.0\spring-boot-hibernate-4.1.0.jar;C:\Users\Riya Raj\.m2\repository\org\springframework\boot\spring-boot-jpa\4.1.0\spring-boot-jpa-4.1.0.jar;C:\Users\Riya Raj\.m2\repository\jakarta\persistence\jakarta.persistence-api\3.2.0\jakarta.persistence-api-3.2.0.jar;C:\Users\Riya Raj\.m2\repository\org\hibernate\orm\hibernate-core\7.4.1.Final\hibernate-core-7.4.1.Final.jar;C:\Users\Riya Raj\.m2\repository\jakarta\transaction\jakarta.transaction-api\2.0.1\jakarta.transaction-api-2.0.1.jar;C:\Users\Riya Raj\.m2\repository\org\hibernate\models\hibernate-models\1.1.1\hibernate-models-1.1.1.jar;C:\Users\Riya Raj\.m2\repository\org\glassfish\jaxb\jaxb-runtime\4.0.9\jaxb-runtime-4.0.9.jar;C:\Users\Riya Raj\.m2\repository\org\glassfish\jaxb\jaxb-core\4.0.9\jaxb-core-4.0.9.jar;C:\Users\Riya Raj\.m2\repository\org\eclipse\angus\angus-activation\2.0.3\angus-activation-2.0.3.jar;C:\Users\Riya Raj\.m2\repository\org\glassfish\jaxb\txw2\4.0.9\txw2-4.0.9.jar;C:\Users\Riya Raj\.m2\repository\com\sun\istack\istack-commons-runtime\4.1.2\istack-commons-runtime-4.1.2.jar;C:\Users\Riya Raj\.m2\repository\jakarta\inject\jakarta.inject-api\2.0.1\jakarta.inject-api-2.0.1.jar;C:\Users\Riya Raj\.m2\repository\org\springframework\spring-orm\7.0.8\spring-orm-7.0.8.jar;C:\Users\Riya Raj\.m2\repository\org\springframework\data\spring-data-jpa\4.1.0\spring-data-jpa-4.1.0.jar;C:\Users\Riya Raj\.m2\repository\org\springframework\spring-tx\7.0.8\spring-tx-7.0.8.jar;C:\Users\Riya Raj\.m2\repository\org\antlr\antlr4-runtime\4.13.2\antlr4-runtime-4.13.2.jar;C:\Users\Riya Raj\.m2\repository\org\springframework\spring-aspects\7.0.8\spring-aspects-7.0.8.jar;C:\Users\Riya Raj\.m2\repository\org\aspectj\aspectjweaver\1.9.25.1\aspectjweaver-1.9.25.1.jar;C:\Users\Riya Raj\.m2\repository\org\springframework\boot\spring-boot-jdbc\4.1.0\spring-boot-jdbc-4.1.0.jar;C:\Users\Riya Raj\.m2\repository\org\springframework\boot\spring-boot-sql\4.1.0\spring-boot-sql-4.1.0.jar;C:\Users\Riya Raj\.m2\repository\org\springframework\boot\spring-boot-transaction\4.1.0\spring-boot-transaction-4.1.0.jar;C:\Users\Riya Raj\.m2\repository\org\springframework\spring-jdbc\7.0.8\spring-jdbc-7.0.8.jar;C:\Users\Riya Raj\.m2\repository\org\springframework\boot\spring-boot-security\4.1.0\spring-boot-security-4.1.0.jar;C:\Users\Riya Raj\.m2\repository\org\springframework\security\spring-security-config\7.1.0\spring-security-config-7.1.0.jar;C:\Users\Riya Raj\.m2\repository\org\springframework\security\spring-security-core\7.1.0\spring-security-core-7.1.0.jar;C:\Users\Riya Raj\.m2\repository\org\springframework\security\spring-security-crypto\7.1.0\spring-security-crypto-7.1.0.jar;C:\Users\Riya Raj\.m2\repository\org\springframework\security\spring-security-web\7.1.0\spring-security-web-7.1.0.jar;C:\Users\Riya Raj\.m2\repository\org\springframework\spring-expression\7.0.8\spring-expression-7.0.8.jar;C:\Users\Riya Raj\.m2\repository\org\springframework\spring-aop\7.0.8\spring-aop-7.0.8.jar;C:\Users\Riya Raj\.m2\repository\org\springframework\spring-beans\7.0.8\spring-beans-7.0.8.jar;C:\Users\Riya Raj\.m2\repository\org\springframework\spring-core\7.0.8\spring-core-7.0.8.jar;C:\Users\Riya Raj\.m2\repository\commons-logging\commons-logging\1.3.6\commons-logging-1.3.6.jar;C:\Users\Riya Raj\.m2\repository\org\jspecify\jspecify\1.0.0\jspecify-1.0.0.jar;C:\Users\Riya Raj\.m2\repository\org\springframework\boot\spring-boot-validation\4.1.0\spring-boot-validation-4.1.0.jar;C:\Users\Riya Raj\.m2\repository\org\apache\tomcat\embed\tomcat-embed-el\11.0.22\tomcat-embed-el-11.0.22.jar;C:\Users\Riya Raj\.m2\repository\org\hibernate\validator\hibernate-validator\9.1.0.Final\hibernate-validator-9.1.0.Final.jar;C:\Users\Riya Raj\.m2\repository\jakarta\validation\jakarta.validation-api\3.1.1\jakarta.validation-api-3.1.1.jar;C:\Users\Riya Raj\.m2\repository\org\jboss\logging\jboss-logging\3.6.3.Final\jboss-logging-3.6.3.Final.jar;C:\Users\Riya Raj\.m2\repository\com\fasterxml\classmate\1.7.3\classmate-1.7.3.jar;C:\Users\Riya Raj\.m2\repository\org\springframework\boot\spring-boot-jackson\4.1.0\spring-boot-jackson-4.1.0.jar;C:\Users\Riya Raj\.m2\repository\tools\jackson\core\jackson-databind\3.1.4\jackson-databind-3.1.4.jar;C:\Users\Riya Raj\.m2\repository\com\fasterxml\jackson\core\jackson-annotations\2.21\jackson-annotations-2.21.jar;C:\Users\Riya Raj\.m2\repository\tools\jackson\core\jackson-core\3.1.4\jackson-core-3.1.4.jar;C:\Users\Riya Raj\.m2\repository\org\apache\tomcat\embed\tomcat-embed-core\11.0.22\tomcat-embed-core-11.0.22.jar;C:\Users\Riya Raj\.m2\repository\org\apache\tomcat\embed\tomcat-embed-websocket\11.0.22\tomcat-embed-websocket-11.0.22.jar;C:\Users\Riya Raj\.m2\repository\org\springframework\boot\spring-boot-tomcat\4.1.0\spring-boot-tomcat-4.1.0.jar;C:\Users\Riya Raj\.m2\repository\org\springframework\boot\spring-boot-http-converter\4.1.0\spring-boot-http-converter-4.1.0.jar;C:\Users\Riya Raj\.m2\repository\org\springframework\spring-web\7.0.8\spring-web-7.0.8.jar;C:\Users\Riya Raj\.m2\repository\io\micrometer\micrometer-observation\1.17.0\micrometer-observation-1.17.0.jar;C:\Users\Riya Raj\.m2\repository\io\micrometer\micrometer-commons\1.17.0\micrometer-commons-1.17.0.jar;C:\Users\Riya Raj\.m2\repository\org\springframework\boot\spring-boot-webmvc\4.1.0\spring-boot-webmvc-4.1.0.jar;C:\Users\Riya Raj\.m2\repository\org\springframework\boot\spring-boot-servlet\4.1.0\spring-boot-servlet-4.1.0.jar;C:\Users\Riya Raj\.m2\repository\org\springframework\spring-webmvc\7.0.8\spring-webmvc-7.0.8.jar;C:\Users\Riya Raj\.m2\repository\org\springframework\boot\spring-boot-devtools\4.1.0\spring-boot-devtools-4.1.0.jar;C:\Users\Riya Raj\.m2\repository\org\springframework\boot\spring-boot\4.1.0\spring-boot-4.1.0.jar;C:\Users\Riya Raj\.m2\repository\org\springframework\spring-context\7.0.8\spring-context-7.0.8.jar;C:\Users\Riya Raj\.m2\repository\org\springframework\boot\spring-boot-autoconfigure\4.1.0\spring-boot-autoconfigure-4.1.0.jar;C:\Users\Riya Raj\.m2\repository\org\postgresql\postgresql\42.7.11\postgresql-42.7.11.jar;C:\Users\Riya Raj\.m2\repository\jakarta\xml\bind\jakarta.xml.bind-api\4.0.5\jakarta.xml.bind-api-4.0.5.jar;C:\Users\Riya Raj\.m2\repository\jakarta\activation\jakarta.activation-api\2.1.4\jakarta.activation-api-2.1.4.jar;C:\Users\Riya Raj\.m2\repository\net\bytebuddy\byte-buddy\1.18.10\byte-buddy-1.18.10.jar;C:\Users\Riya Raj\.m2\repository\org\springframework\boot\spring-boot-web-server\4.1.0\spring-boot-web-server-4.1.0.jar
Launcher Type: SUN_STANDARD

[Global flags]
     bool AOTAdapterCaching                        = false                                  {diagnostic} {ergonomic}
     bool AOTInvokeDynamicLinking                  = false                                  {diagnostic} {ergonomic}
     bool AOTRecordTraining                        = false                                  {diagnostic} {ergonomic}
     bool AOTReplayTraining                        = false                                  {diagnostic} {ergonomic}
     bool AOTStubCaching                           = false                                  {diagnostic} {ergonomic}
     intx CICompilerCount                          = 3                                         {product} {ergonomic}
     uint ConcGCThreads                            = 1                                         {product} {ergonomic}
     uint G1ConcRefinementThreads                  = 4                                         {product} {ergonomic}
     uint G1EagerReclaimRemSetThreshold            = 10                                   {experimental} {ergonomic}
   size_t G1HeapRegionSize                         = 1048576                                   {product} {ergonomic}
     uint G1RemSetArrayOfCardsEntries              = 10                                   {experimental} {ergonomic}
     uint G1RemSetHowlMaxNumBuckets                = 8                                    {experimental} {ergonomic}
     uint G1RemSetHowlNumBuckets                   = 4                                    {experimental} {ergonomic}
   size_t InitialHeapSize                          = 8388608                                   {product} {ergonomic}
     bool IntelJccErratumMitigation                = false                             {ARCH diagnostic} {ergonomic}
   size_t MarkStackSize                            = 4194304                                   {product} {ergonomic}
   size_t MarkStackSizeMax                         = 536870912                                 {product} {ergonomic}
   size_t MaxHeapSize                              = 1017118720                                {product} {ergonomic}
   size_t MaxNewSize                               = 610271232                                 {product} {ergonomic}
 uint64_t MaxRAM                                   = 4066164736                                {product} {ergonomic}
   size_t MinHeapDeltaBytes                        = 1048576                                   {product} {ergonomic}
   size_t MinHeapSize                              = 8388608                                   {product} {ergonomic}
   size_t NonNMethodCodeHeapSize                   = 4096                                   {pd product} {ergonomic}
   size_t NonProfiledCodeHeapSize                  = 0                                      {pd product} {ergonomic}
     bool ProfileInterpreter                       = false                                  {pd product} {command line}
   size_t ProfiledCodeHeapSize                     = 0                                      {pd product} {ergonomic}
   size_t SoftMaxHeapSize                          = 1017118720                             {manageable} {ergonomic}
     intx TieredStopAtLevel                        = 1                                         {product} {command line}
     bool UseCompressedOops                        = true                           {product lp64_product} {ergonomic}
     bool UseCondCardMark                          = true                                      {product} {ergonomic}
     bool UseFastUnorderedTimeStamps               = true                                 {experimental} {ergonomic}
     bool UseG1GC                                  = true                                      {product} {ergonomic}
     bool UseLargePagesIndividualAllocation        = false                                  {pd product} {ergonomic}
      int X86ICacheSync                            = 2                                 {ARCH diagnostic} {ergonomic}

Logging:
Log output configuration:
 #0: stdout all=warning uptime,level,tags foldmultilines=false
 #1: stderr all=off uptime,level,tags foldmultilines=false

Release file:
IMPLEMENTOR="Oracle Corporation" 
JAVA_RUNTIME_VERSION="26.0.2+10-55" 
JAVA_VERSION="26.0.2" 
JAVA_VERSION_DATE="2026-07-21" 
LIBC="default" 
MODULES="java.base java.compiler java.datatransfer java.xml java.prefs java.desktop java.instrument java.logging java.management java.security.sasl java.naming java.rmi java.management.rmi java.net.http java.scripting java.security.jgss java.transaction.xa java.sql java.sql.rowset java.xml.crypto java.se java.smartcardio jdk.accessibility jdk.internal.jvmstat jdk.attach jdk.charsets jdk.internal.opt jdk.zipfs jdk.compiler jdk.crypto.cryptoki jdk.crypto.ec jdk.crypto.mscapi jdk.dynalink jdk.internal.ed jdk.editpad jdk.internal.vm.ci jdk.graal.compiler jdk.graal.compiler.management jdk.hotspot.agent jdk.httpserver jdk.incubator.vector jdk.internal.le jdk.internal.md jdk.jartool jdk.javadoc jdk.jcmd jdk.management jdk.management.agent jdk.jconsole jdk.jdeps jdk.jdwp.agent jdk.jdi jdk.jfr jdk.jlink jdk.jpackage jdk.jshell jdk.jstatd jdk.localedata jdk.management.jfr jdk.naming.dns jdk.naming.rmi jdk.net jdk.nio.mapmode jdk.sctp jdk.security.auth jdk.security.jgss jdk.unsupported jdk.unsupported.desktop jdk.xml.dom" 
OS_ARCH="x86_64" 
OS_NAME="Windows" 
SOURCE=".:git:fa67dfdcec4b" 

Environment Variables:
JAVA_HOME=C:\Users\Riya Raj\.jdks\openjdk-26.0.2
PATH=C:\Users\Riya Raj\.jdks\openjdk-26.0.2\bin;C:\Program Files\Common Files\Oracle\Java\javapath;C:\Program Files\Common Files\Oracle\Java\javapath\java.exe\bin;C:\WINDOWS\system32;C:\WINDOWS;C:\WINDOWS\System32\Wbem;C:\WINDOWS\System32\WindowsPowerShell\v1.0\;C:\WINDOWS\System32\OpenSSH\;C:\MinGW\bin;C:\Program Files\dotnet\;C:\Program Files\Git\cmd;C:\Program Files\nodejs\;C:\Program Files\Microsoft SQL Server\170\Tools\Binn\;C:\Program Files\Microsoft SQL Server\Client SDK\ODBC\170\Tools\Binn\;C:\Program Files\Docker\Docker\resources\bin;C:\Users\Riya Raj\AppData\Local\agy\bin;C:\Program Files\MySQL\MySQL Shell 8.0\bin\;C:\Users\Riya Raj\AppData\Local\Microsoft\WindowsApps;C:\Users\Riya Raj\AppData\Local\Programs\Microsoft VS Code\bin;C:\Users\Riya Raj\AppData\Roaming\npm;C:\Users\Riya Raj\AppData\Local\Microsoft\WinGet\Packages\GitHub.Copilot_Microsoft.Winget.Source_8wekyb3d8bbwe;C:\Users\Riya Raj\.dotnet\tools;C:\Users\Riya Raj\AppData\Local\GitHubDesktop\bin
USERNAME=Riya Raj
OS=Windows_NT
PROCESSOR_IDENTIFIER=Intel64 Family 6 Model 126 Stepping 5, GenuineIntel
TMP=C:\Users\RIYARA~1\AppData\Local\Temp
TEMP=C:\Users\RIYARA~1\AppData\Local\Temp




Compilation memory statistics disabled.

Periodic native trim disabled

---------------  S Y S T E M  ---------------

OS:
 Windows 11 , 64 bit Build 26100 (10.0.26100.8875)
OS uptime: 0 days 5:17 hours
Hyper-V role detected

CPU: total 4 (initial active 4) (2 cores per cpu, 2 threads per core) family 6 model 126 stepping 5 microcode 0xc6, cx8, cmov, fxsr, ht, mmx, 3dnowpref, sse, sse2, sse3, ssse3, sse4.1, sse4.2, popcnt, lzcnt, tsc, tscinvbit, avx, avx2, aes, erms, clmul, bmi1, bmi2, adx, avx512f, avx512dq, avx512cd, avx512bw, avx512vl, sha, fma, vzeroupper, avx512_vpopcntdq, avx512_vpclmulqdq, avx512_vaes, avx512_vnni, clflush, clflushopt, avx512_vbmi2, avx512_vbmi, hv, rdtscp, rdpid, fsrm, gfni, avx512_bitalg, f16c, avx512_ifma
Processor Information for the first 4 processors :
  Max Mhz: 1190, Current Mhz: 1190, Mhz Limit: 1190

Memory: 4k page, system-wide physical 3877M (113M free)
TotalPageFile size 15653M (AvailPageFile size 0M)
current process WorkingSet (physical memory assigned to process): 161M, peak: 161M
current process commit charge ("private bytes"): 189M, peak: 189M

vm_info: OpenJDK 64-Bit Server VM (26.0.2+10-55) for windows-amd64 JRE (26.0.2+10-55), built on 2026-06-17T09:18:01Z with MS VC++ 17.13 (VS2022)

END.
